{"_wandb":{"runtime":72},"_runtime":72.128701054,"_timestamp":1.7603509237510114e+09,"_step":10,"best_fitness":0,"diversity":0.2304527223272342,"generation":10}