{"generation":217,"_timestamp":1.7603696695688074e+09,"_wandb":{"runtime":4182},"_runtime":4182.294422085,"_step":217,"best_fitness":0.8974358974358975,"diversity":0.10833147528799586}