{"success_rate":1,"max_fitness_achieved":0.9384615384615385,"total_runtime_minutes":15.147830990950267,"avg_best_fitness":0.9384615384615385,"device":"odin","_step":0,"problems_solved":1,"_wandb":{"runtime":0},"_timestamp":1.7603552218238626e+09,"experiment_name":"odin_pop_300_gen_100_mut_020","_runtime":0}