{"_step":30,"best_fitness":0,"diversity":0.23548914321949807,"generation":30,"_timestamp":1.7603603960024018e+09,"_wandb":{"runtime":324},"_runtime":324.773726936}