{"best_fitness":0,"diversity":0.23857729012032733,"generation":3,"_timestamp":1.7603509575555809e+09,"_step":3,"_wandb":{"runtime":27},"_runtime":27.058266389}