{"best_fitness":0.8461538461538461,"diversity":0.4398384929823059,"generation":148,"_timestamp":1.7603722624203057e+09,"_step":148,"_wandb":{"runtime":331},"_runtime":331.079875641}