{"_wandb":{"runtime":0},"total_runtime_minutes":0.3477100809415182,"_runtime":0,"success_rate":0,"device":"odin","_timestamp":1.760346137577129e+09,"problems_solved":1,"experiment_name":"odin_1000_individuals","avg_best_fitness":0.782051282051282,"max_fitness_achieved":0.782051282051282,"_step":0}