{"_step":8,"best_fitness":0,"diversity":0.23474330348918696,"generation":8,"_timestamp":1.7603597018387988e+09,"_wandb":{"runtime":350},"_runtime":350.680244542}