{
  "problem_id": "1.1",
  "best_fitness": 0.717948717948718,
  "generation_found": 3,
  "avg_fitness_final": 0.4028333333333333,
  "avg_diversity_final": 0.32488474488474767,
  "total_time": 19.20035982131958,
  "top_sequences": [],
  "fitness_history": [
    [
      0,
      0.6153846153846154,
      0.3541025641025641
    ],
    [
      1,
      0.6282051282051282,
      0.4
    ],
    [
      2,
      0.6410256410256411,
      0.39820512820512816
    ],
    [
      3,
      0.717948717948718,
      0.4001282051282051
    ],
    [
      4,
      0.717948717948718,
      0.4007692307692308
    ],
    [
      5,
      0.717948717948718,
      0.40705128205128205
    ],
    [
      6,
      0.717948717948718,
      0.41
    ],
    [
      7,
      0.717948717948718,
      0.4105128205128205
    ],
    [
      8,
      0.717948717948718,
      0.4196153846153846
    ],
    [
      9,
      0.717948717948718,
      0.4035897435897436
    ],
    [
      10,
      0.717948717948718,
      0.40243589743589747
    ],
    [
      11,
      0.717948717948718,
      0.4002564102564103
    ],
    [
      12,
      0.717948717948718,
      0.4001282051282051
    ],
    [
      13,
      0.717948717948718,
      0.3892307692307692
    ],
    [
      14,
      0.717948717948718,
      0.4065384615384615
    ],
    [
      15,
      0.717948717948718,
      0.4292307692307692
    ],
    [
      16,
      0.717948717948718,
      0.3943589743589744
    ],
    [
      17,
      0.717948717948718,
      0.3985897435897436
    ],
    [
      18,
      0.717948717948718,
      0.40243589743589747
    ],
    [
      19,
      0.717948717948718,
      0.40512820512820513
    ]
  ]
}