{
  "problem_id": "1.1",
  "best_fitness": 0.8461538461538461,
  "generation_found": 11,
  "avg_fitness_final": 0.40571794871794875,
  "avg_diversity_final": 0.32512820512820895,
  "total_time": 18.784478902816772,
  "top_sequences": [],
  "fitness_history": [
    [
      0,
      0.5897435897435898,
      0.35794871794871796
    ],
    [
      1,
      0.5897435897435898,
      0.386025641025641
    ],
    [
      2,
      0.717948717948718,
      0.3941025641025641
    ],
    [
      3,
      0.717948717948718,
      0.39717948717948715
    ],
    [
      4,
      0.717948717948718,
      0.40384615384615385
    ],
    [
      5,
      0.717948717948718,
      0.39397435897435895
    ],
    [
      6,
      0.717948717948718,
      0.41012820512820514
    ],
    [
      7,
      0.717948717948718,
      0.39679487179487183
    ],
    [
      8,
      0.7435897435897436,
      0.3975641025641026
    ],
    [
      9,
      0.7435897435897436,
      0.3962820512820513
    ],
    [
      10,
      0.7435897435897436,
      0.3917948717948718
    ],
    [
      11,
      0.8461538461538461,
      0.39384615384615385
    ],
    [
      12,
      0.8461538461538461,
      0.4116666666666666
    ],
    [
      13,
      0.8461538461538461,
      0.39
    ],
    [
      14,
      0.8461538461538461,
      0.41294871794871796
    ],
    [
      15,
      0.8461538461538461,
      0.4157692307692308
    ],
    [
      16,
      0.8461538461538461,
      0.41192307692307695
    ],
    [
      17,
      0.8461538461538461,
      0.40307692307692305
    ],
    [
      18,
      0.8461538461538461,
      0.40679487179487184
    ],
    [
      19,
      0.8461538461538461,
      0.4193589743589744
    ]
  ]
}