{
  "problem_id": "2.1",
  "best_fitness": 0.963302752293578,
  "generation_found": 50,
  "avg_fitness_final": 0.661408256880734,
  "avg_diversity_final": 0.2092992228277118,
  "total_time": 408.1803619861603,
  "top_sequences": [
    "UUAUUAGAUAAAGGGCGAGUGCAAUGUACCCAAAUAGUUAUCAAGUAUUAAAAGUUAAGUUGGUCAAACUUUUAUAGAUAACGAUUUGGAUAUUGUAGACAGGGAGGAUAGUGAUCGCAUCAGAUCGGCGGAUGCUGUCCCGCAUGUGACACAUGCGUCGGCUUAUUAUGAAAAGCAUUGAGGUAACUUAAUGUACAAAGAUAAUAAGAUCGCGAAAU",
    "UUAUUAGAUAAAGGGCGAGUGCAAUGUACCCAAAUAGUUAUCAAGUAUUAAAAGUUAAGUUGGUCAAACUUUUAUAGAUAACGAUUUGGAUAUUGUAGACAGGGAGGAUAGUGAUCGCAUCAGAUCGGCGGAUGCUGUCCCGCAUGUGACACAUGCGUCGGCUUAUUAUGAAAAGCAUUGAGGUAACUUAAUGUACAAAGAUAAUAAGAUCGCGAAAU",
    "UUAUUAGAUAAAGGGCGAGUGCAAUGUACCCAAAUAGUUAUCAAGUAUUAAAAGUUAAGUUGGUCAAACUUUUAUAGAUAACGAUUUGGAUAUUGUAGACAGGGAGGAUAGUGAUCGCAUCAGAUCGGCGGAUGCUGUCCCGCAUGUGACACAUGCGUCGGCUUAUUAUGAAAAGCAUUGAGGUAACUUAAUGUACAAAGAUAAUAAGAUCGCGAAAU",
    "UUAUUAGAUAAAGGGCGAGUGCAAUGUACCCAAAUAGUUAUCAAGUAUUAAAAGUUAAGUUGGUCAAACUUUUAUAGAUAACGAUUUGGAUAUUGUAGACAGGGAGGAUAGUGAUCGCAUCAGAUCGGCGGAUGCUGUCCCGCAUGUGACACAUGCGUCGGCUUAUUAUGAAAAGCAUUGAGGUAACUUAAUGUACAAAGAUAAUAAGAUCGCGAAAU",
    "UUAUUAGAUAAAGGGCGAGUGCAAUGUACCCAAAUAGUUAUCAAGUAUUAAAAGUUAAGUUGGUCAAACUUUUAUAGAUAACGAUUUGGAUAUUGUAGACAGGGAGGAUAGUGAUCGCAUCAGAUCGGCGGAUGCUGUCCCGCAUGUGACACAUGCGUCGGCUUAUUAUGAAAAGCAUUGAGGUAACUUAAUGUACAAAGAUAAUAAGAUCGCGAAAU"
  ],
  "fitness_history": [
    [
      0,
      0.5825688073394495,
      0.38368119266055045
    ],
    [
      1,
      0.6100917431192661,
      0.3911238532110092
    ],
    [
      2,
      0.6559633027522935,
      0.39971330275229355
    ],
    [
      3,
      0.7018348623853211,
      0.4082454128440367
    ],
    [
      4,
      0.7522935779816514,
      0.41604357798165137
    ],
    [
      5,
      0.7522935779816514,
      0.42309633027522936
    ],
    [
      6,
      0.7522935779816514,
      0.42863532110091745
    ],
    [
      7,
      0.7522935779816514,
      0.4365940366972477
    ],
    [
      8,
      0.7660550458715596,
      0.44415137614678896
    ],
    [
      9,
      0.7798165137614679,
      0.4512385321100918
    ],
    [
      10,
      0.7798165137614679,
      0.45590596330275235
    ],
    [
      11,
      0.7889908256880734,
      0.46285550458715596
    ],
    [
      12,
      0.7981651376146789,
      0.4689564220183486
    ],
    [
      13,
      0.7981651376146789,
      0.474598623853211
    ],
    [
      14,
      0.8073394495412844,
      0.4802981651376147
    ],
    [
      15,
      0.8211009174311926,
      0.5071215596330275
    ],
    [
      16,
      0.8394495412844036,
      0.5130963302752294
    ],
    [
      17,
      0.8394495412844036,
      0.5193922018348625
    ],
    [
      18,
      0.8623853211009175,
      0.5246330275229358
    ],
    [
      19,
      0.8669724770642202,
      0.5305963302752293
    ],
    [
      20,
      0.8715596330275229,
      0.5359862385321101
    ],
    [
      21,
      0.8761467889908257,
      0.5407339449541284
    ],
    [
      22,
      0.8853211009174312,
      0.5452981651376146
    ],
    [
      23,
      0.9357798165137615,
      0.550848623853211
    ],
    [
      24,
      0.9357798165137615,
      0.5540252293577982
    ],
    [
      25,
      0.9357798165137615,
      0.5574885321100918
    ],
    [
      26,
      0.9357798165137615,
      0.5642431192660551
    ],
    [
      27,
      0.9357798165137615,
      0.5706536697247706
    ],
    [
      28,
      0.9403669724770642,
      0.5760091743119267
    ],
    [
      29,
      0.9403669724770642,
      0.5789793577981651
    ],
    [
      30,
      0.9403669724770642,
      0.5836582568807339
    ],
    [
      31,
      0.944954128440367,
      0.6001605504587156
    ],
    [
      32,
      0.944954128440367,
      0.6048738532110092
    ],
    [
      33,
      0.944954128440367,
      0.6089449541284404
    ],
    [
      34,
      0.944954128440367,
      0.6125114678899082
    ],
    [
      35,
      0.944954128440367,
      0.6162155963302752
    ],
    [
      36,
      0.944954128440367,
      0.6197477064220184
    ],
    [
      37,
      0.9541284403669725,
      0.622545871559633
    ],
    [
      38,
      0.9541284403669725,
      0.6247591743119266
    ],
    [
      39,
      0.9541284403669725,
      0.6270642201834863
    ],
    [
      40,
      0.9541284403669725,
      0.6300802752293578
    ],
    [
      41,
      0.9541284403669725,
      0.6318922018348624
    ],
    [
      42,
      0.9541284403669725,
      0.6354701834862385
    ],
    [
      43,
      0.9541284403669725,
      0.6388417431192661
    ],
    [
      44,
      0.9541284403669725,
      0.6410435779816513
    ],
    [
      45,
      0.9541284403669725,
      0.6438876146788991
    ],
    [
      46,
      0.9541284403669725,
      0.6446903669724771
    ],
    [
      47,
      0.9541284403669725,
      0.6455160550458716
    ],
    [
      48,
      0.9541284403669725,
      0.6477064220183486
    ],
    [
      49,
      0.9541284403669725,
      0.6496903669724771
    ],
    [
      50,
      0.963302752293578,
      0.6515940366972477
    ],
    [
      51,
      0.963302752293578,
      0.6534747706422018
    ],
    [
      52,
      0.963302752293578,
      0.654598623853211
    ],
    [
      53,
      0.963302752293578,
      0.6573623853211009
    ],
    [
      54,
      0.963302752293578,
      0.6581192660550458
    ],
    [
      55,
      0.963302752293578,
      0.658795871559633
    ],
    [
      56,
      0.963302752293578,
      0.6610779816513761
    ],
    [
      57,
      0.963302752293578,
      0.6626032110091744
    ],
    [
      58,
      0.963302752293578,
      0.6639105504587155
    ],
    [
      59,
      0.963302752293578,
      0.6647821100917432
    ],
    [
      60,
      0.963302752293578,
      0.6659633027522937
    ],
    [
      61,
      0.963302752293578,
      0.6668692660550458
    ]
  ]
}