{"diversity":0.6841185718777679,"_wandb":{"runtime":193},"_runtime":193.531720998,"generation":75,"_timestamp":1.7603719271963243e+09,"_step":75,"best_fitness":0.6153846153846154}