{
  "problem_id": "1.2",
  "best_fitness": 0.8589743589743589,
  "generation_found": 115,
  "avg_fitness_final": 0.47554487179487176,
  "avg_diversity_final": 0.5684879525834301,
  "total_time": 226.62286901474,
  "top_sequences": [],
  "top_sequences_with_fitness": [],
  "fitness_history": [
    [
      0,
      0.5641025641025641,
      0.35532051282051286
    ],
    [
      1,
      0.6282051282051282,
      0.35929487179487185
    ],
    [
      2,
      0.5769230769230769,
      0.36730769230769234
    ],
    [
      3,
      0.6153846153846154,
      0.3842307692307692
    ],
    [
      4,
      0.5897435897435898,
      0.3786538461538461
    ],
    [
      5,
      0.5512820512820513,
      0.3894230769230769
    ],
    [
      6,
      0.6538461538461539,
      0.3916025641025641
    ],
    [
      7,
      0.6282051282051282,
      0.38666666666666666
    ],
    [
      8,
      0.6410256410256411,
      0.40243589743589747
    ],
    [
      9,
      0.6923076923076923,
      0.4096153846153846
    ],
    [
      10,
      0.6410256410256411,
      0.4116666666666666
    ],
    [
      11,
      0.6410256410256411,
      0.4155128205128205
    ],
    [
      12,
      0.6538461538461539,
      0.4109615384615385
    ],
    [
      13,
      0.6538461538461539,
      0.43032051282051287
    ],
    [
      14,
      0.7051282051282052,
      0.423974358974359
    ],
    [
      15,
      0.7051282051282052,
      0.43198717948717946
    ],
    [
      16,
      0.7051282051282052,
      0.43846153846153846
    ],
    [
      17,
      0.6923076923076923,
      0.45083333333333336
    ],
    [
      18,
      0.6923076923076923,
      0.4575
    ],
    [
      19,
      0.7307692307692307,
      0.4665384615384615
    ],
    [
      20,
      0.7307692307692307,
      0.48346153846153844
    ],
    [
      21,
      0.7435897435897436,
      0.48596153846153844
    ],
    [
      22,
      0.7307692307692307,
      0.4881410256410256
    ],
    [
      23,
      0.7948717948717948,
      0.4833974358974359
    ],
    [
      24,
      0.7435897435897436,
      0.48980769230769233
    ],
    [
      25,
      0.7435897435897436,
      0.4751282051282051
    ],
    [
      26,
      0.782051282051282,
      0.485
    ],
    [
      27,
      0.717948717948718,
      0.5045512820512821
    ],
    [
      28,
      0.717948717948718,
      0.48480769230769233
    ],
    [
      29,
      0.7307692307692307,
      0.4805128205128205
    ],
    [
      30,
      0.7051282051282052,
      0.47544871794871796
    ],
    [
      31,
      0.7051282051282052,
      0.45096153846153847
    ],
    [
      32,
      0.782051282051282,
      0.4507692307692308
    ],
    [
      33,
      0.717948717948718,
      0.441025641025641
    ],
    [
      34,
      0.7435897435897436,
      0.437948717948718
    ],
    [
      35,
      0.7435897435897436,
      0.4475
    ],
    [
      36,
      0.7435897435897436,
      0.46557692307692305
    ],
    [
      37,
      0.7435897435897436,
      0.4862179487179487
    ],
    [
      38,
      0.7435897435897436,
      0.5105128205128205
    ],
    [
      39,
      0.7435897435897436,
      0.509423076923077
    ],
    [
      40,
      0.7564102564102564,
      0.5172435897435897
    ],
    [
      41,
      0.7435897435897436,
      0.5125641025641026
    ],
    [
      42,
      0.7307692307692307,
      0.5057051282051281
    ],
    [
      43,
      0.782051282051282,
      0.5159615384615385
    ],
    [
      44,
      0.7692307692307693,
      0.5274358974358975
    ],
    [
      45,
      0.8333333333333334,
      0.5344871794871795
    ],
    [
      46,
      0.8333333333333334,
      0.5327564102564103
    ],
    [
      47,
      0.7948717948717948,
      0.5385897435897435
    ],
    [
      48,
      0.7948717948717948,
      0.543525641025641
    ],
    [
      49,
      0.782051282051282,
      0.543076923076923
    ],
    [
      50,
      0.8333333333333334,
      0.5321794871794872
    ],
    [
      51,
      0.782051282051282,
      0.5319871794871794
    ],
    [
      52,
      0.782051282051282,
      0.5010256410256411
    ],
    [
      53,
      0.7564102564102564,
      0.4825
    ],
    [
      54,
      0.7307692307692307,
      0.4719871794871795
    ],
    [
      55,
      0.7307692307692307,
      0.4507051282051282
    ],
    [
      56,
      0.7564102564102564,
      0.43698717948717947
    ],
    [
      57,
      0.782051282051282,
      0.43871794871794867
    ],
    [
      58,
      0.782051282051282,
      0.4637179487179487
    ],
    [
      59,
      0.717948717948718,
      0.4681410256410256
    ],
    [
      60,
      0.7435897435897436,
      0.4844871794871795
    ],
    [
      61,
      0.7692307692307693,
      0.49685897435897436
    ],
    [
      62,
      0.7692307692307693,
      0.5191025641025641
    ],
    [
      63,
      0.7692307692307693,
      0.5368589743589743
    ],
    [
      64,
      0.7564102564102564,
      0.5231410256410256
    ],
    [
      65,
      0.7692307692307693,
      0.4982692307692308
    ],
    [
      66,
      0.782051282051282,
      0.4821153846153846
    ],
    [
      67,
      0.8205128205128205,
      0.46467948717948715
    ],
    [
      68,
      0.8333333333333334,
      0.48217948717948717
    ],
    [
      69,
      0.782051282051282,
      0.5001923076923077
    ],
    [
      70,
      0.782051282051282,
      0.5195512820512821
    ],
    [
      71,
      0.782051282051282,
      0.5137820512820513
    ],
    [
      72,
      0.7692307692307693,
      0.5277564102564102
    ],
    [
      73,
      0.7948717948717948,
      0.5162179487179487
    ],
    [
      74,
      0.7948717948717948,
      0.525448717948718
    ],
    [
      75,
      0.7564102564102564,
      0.49532051282051287
    ],
    [
      76,
      0.782051282051282,
      0.47429487179487184
    ],
    [
      77,
      0.7435897435897436,
      0.4609615384615385
    ],
    [
      78,
      0.7307692307692307,
      0.45307692307692304
    ],
    [
      79,
      0.7564102564102564,
      0.44769230769230767
    ],
    [
      80,
      0.717948717948718,
      0.4562820512820513
    ],
    [
      81,
      0.7692307692307693,
      0.45692307692307693
    ],
    [
      82,
      0.7692307692307693,
      0.47782051282051285
    ],
    [
      83,
      0.7564102564102564,
      0.4734615384615385
    ],
    [
      84,
      0.7948717948717948,
      0.4773076923076923
    ],
    [
      85,
      0.782051282051282,
      0.49205128205128207
    ],
    [
      86,
      0.782051282051282,
      0.5162179487179487
    ],
    [
      87,
      0.7692307692307693,
      0.5247435897435898
    ],
    [
      88,
      0.8076923076923077,
      0.5397435897435897
    ],
    [
      89,
      0.8333333333333334,
      0.5474358974358975
    ],
    [
      90,
      0.782051282051282,
      0.5412179487179487
    ],
    [
      91,
      0.782051282051282,
      0.5482692307692308
    ],
    [
      92,
      0.782051282051282,
      0.5410897435897436
    ],
    [
      93,
      0.782051282051282,
      0.5266025641025641
    ],
    [
      94,
      0.782051282051282,
      0.537051282051282
    ],
    [
      95,
      0.7435897435897436,
      0.5543589743589744
    ],
    [
      96,
      0.7307692307692307,
      0.5039743589743589
    ],
    [
      97,
      0.7435897435897436,
      0.4866025641025641
    ],
    [
      98,
      0.7564102564102564,
      0.49333333333333335
    ],
    [
      99,
      0.717948717948718,
      0.4610897435897436
    ],
    [
      100,
      0.7307692307692307,
      0.45032051282051283
    ],
    [
      101,
      0.7307692307692307,
      0.4517307692307692
    ],
    [
      102,
      0.717948717948718,
      0.4684615384615385
    ],
    [
      103,
      0.7435897435897436,
      0.48730769230769233
    ],
    [
      104,
      0.7692307692307693,
      0.4973717948717949
