{
  "problem_id": "1.1",
  "best_fitness": 0.7948717948717948,
  "generation_found": 2,
  "avg_fitness_final": 0.39025897435897433,
  "avg_diversity_final": 0.3292084392081239,
  "total_time": 87.20514512062073,
  "top_sequences": [],
  "fitness_history": [
    [
      0,
      0.6410256410256411,
      0.36491025641025643
    ],
    [
      1,
      0.717948717948718,
      0.3865769230769231
    ],
    [
      2,
      0.7948717948717948,
      0.38705128205128203
    ],
    [
      3,
      0.7948717948717948,
      0.3945897435897436
    ],
    [
      4,
      0.7948717948717948,
      0.39144871794871794
    ],
    [
      5,
      0.7948717948717948,
      0.39688461538461534
    ],
    [
      6,
      0.7948717948717948,
      0.3970641025641025
    ],
    [
      7,
      0.7948717948717948,
      0.39071794871794874
    ],
    [
      8,
      0.7948717948717948,
      0.39761538461538465
    ],
    [
      9,
      0.7948717948717948,
      0.3957307692307692
    ]
  ]
}