{
  "problem_id": "3.1",
  "best_fitness": 0.9692307692307692,
  "generation_found": 74,
  "avg_fitness_final": 0.7769538461538461,
  "avg_diversity_final": 0.24068707658005387,
  "total_time": 467.3422222137451,
  "top_sequences": [
    "AGUUCUCUAGAAGCGCCUACACUGAUUGGGACAGAAAUACGUGGAGCUCAAAACGCUGAAACGUAUCGAUCAGUGGACGAGGAGGAGGCUUAUCCAAGUUUGGGCGGGAGCCUCCCGGUUGUUGAUGCAAUCGUUAAAUUUUAAUUACAAAUCAUUUGGGAAACCAAGUGGACUAAUCGGAAAUGAAAAAUCCCU",
    "AGUUGGAUAGUAGCGCCGACACUGAUUGGGACAGAAAUACGUGGAGCUCAAAACGCUCAAACGUAUCGAUCAGUGGACGAGGAGGAGGCUAAUCCAAGUUUGGGCGGGAGCCUCCCGGUUGUUCAUGCAAUCGUUAAACGUUAAUUACGACUCACUUGGGUCACCAAGUGGACACAUGAGAAAUGAAAAGUCCCU",
    "AGUUCUCUAGAAGCGCCUACACUGAUUGGGACAGAAAUACGUGGAGCUCAAAACGCUGAAACGUAUCGAUCAGUGGACGAGGAGGAGGCUUAUCCAAGUUUGGGCGGGAGCCUCCCGGUUGUUGAUGCAAUCGUUAAAUUUUAAUUACAAAUCAUUUGGGAAACCAAGUGGACUAAUCGGAAAUGAAAAAUCCCU",
    "AGUUGGAUAGUAGCGCCGACACUGAUUGGGACAGAAAUACGUGGAGCUCAAAACGCUCAAACGUAUCGAUCAGUGGACGAGGAGGAGGCUAAUCCAAGUUUGGGCGGGAGCCUCCCGGUUGUUCAUGCAAUCGUUAAACGUUAAUUACGACUCACUUGGGUCACCAAGUGGACACAUGAGAAAUGAAAAGUCCCU",
    "AGUUCUCUAGAAGCGCCUACACUGAUUGGGACAGAAAUACGUGGAGCUCAAAACGCUGAAACGUAUCGAUCAGUGGACGAGGAGGAGGCUUAUCCAAGUUUGGGCGGGAGCCUCCCGGUUGUUGAUGCAAUCGUUAAAUUUUAAUUACAAAUCAUUUGGGAAACCAAGUGGACUAAUCGGAAAUGAAAAAUCCCU"
  ],
  "fitness_history": [
    [
      0,
      0.6615384615384615,
      0.44753846153846155
    ],
    [
      1,
      0.6615384615384615,
      0.4562051282051282
    ],
    [
      2,
      0.676923076923077,
      0.4662393162393162
    ],
    [
      3,
      0.676923076923077,
      0.474
    ],
    [
      4,
      0.6820512820512821,
      0.47907692307692307
    ],
    [
      5,
      0.7333333333333333,
      0.4870940170940171
    ],
    [
      6,
      0.7333333333333333,
      0.4927350427350427
    ],
    [
      7,
      0.7333333333333333,
      0.4991794871794872
    ],
    [
      8,
      0.7333333333333333,
      0.5036068376068376
    ],
    [
      9,
      0.7333333333333333,
      0.5095384615384615
    ],
    [
      10,
      0.7333333333333333,
      0.5157435897435897
    ],
    [
      11,
      0.7487179487179487,
      0.5231965811965812
    ],
    [
      12,
      0.7487179487179487,
      0.5271282051282051
    ],
    [
      13,
      0.7538461538461538,
      0.5321196581196581
    ],
    [
      14,
      0.7538461538461538,
      0.5367692307692308
    ],
    [
      15,
      0.7743589743589744,
      0.5594529914529914
    ],
    [
      16,
      0.7743589743589744,
      0.5638119658119659
    ],
    [
      17,
      0.7743589743589744,
      0.5679316239316239
    ],
    [
      18,
      0.7948717948717948,
      0.571008547008547
    ],
    [
      19,
      0.7948717948717948,
      0.5754529914529914
    ],
    [
      20,
      0.7948717948717948,
      0.5796239316239316
    ],
    [
      21,
      0.7948717948717948,
      0.5849230769230769
    ],
    [
      22,
      0.7948717948717948,
      0.5887863247863249
    ],
    [
      23,
      0.8102564102564103,
      0.5933333333333334
    ],
    [
      24,
      0.8358974358974359,
      0.5976581196581197
    ],
    [
      25,
      0.8358974358974359,
      0.6007350427350427
    ],
    [
      26,
      0.8564102564102564,
      0.6044102564102564
    ],
    [
      27,
      0.8564102564102564,
      0.6071452991452991
    ],
    [
      28,
      0.8564102564102564,
      0.6132991452991453
    ],
    [
      29,
      0.8564102564102564,
      0.6160683760683761
    ],
    [
      30,
      0.8564102564102564,
      0.614
    ],
    [
      31,
      0.8564102564102564,
      0.6177264957264957
    ],
    [
      32,
      0.8564102564102564,
      0.6216923076923077
    ],
    [
      33,
      0.8564102564102564,
      0.6255726495726496
    ],
    [
      34,
      0.8717948717948718,
      0.630017094017094
    ],
    [
      35,
      0.8769230769230769,
      0.6333846153846154
    ],
    [
      36,
      0.8769230769230769,
      0.6370769230769231
    ],
    [
      37,
      0.882051282051282,
      0.6412991452991453
    ],
    [
      38,
      0.8923076923076924,
      0.6458974358974359
    ],
    [
      39,
      0.8923076923076924,
      0.650051282051282
    ],
    [
      40,
      0.9025641025641026,
      0.6547521367521367
    ],
    [
      41,
      0.9025641025641026,
      0.6593846153846153
    ],
    [
      42,
      0.9025641025641026,
      0.6635897435897435
    ],
    [
      43,
      0.9025641025641026,
      0.6666666666666666
    ],
    [
      44,
      0.9025641025641026,
      0.670923076923077
    ],
    [
      45,
      0.9128205128205128,
      0.674991452991453
    ],
    [
      46,
      0.9128205128205128,
      0.6736923076923077
    ],
    [
      47,
      0.9128205128205128,
      0.6776923076923077
    ],
    [
      48,
      0.9384615384615385,
      0.6821196581196581
    ],
    [
      49,
      0.9384615384615385,
      0.6854700854700855
    ],
    [
      50,
      0.9384615384615385,
      0.6895042735042736
    ],
    [
      51,
      0.9384615384615385,
      0.6926495726495726
    ],
    [
      52,
      0.9384615384615385,
      0.6971623931623931
    ],
    [
      53,
      0.9435897435897436,
      0.6996239316239315
    ],
    [
      54,
      0.9435897435897436,
      0.7043931623931624
    ],
    [
      55,
      0.9435897435897436,
      0.7076752136752137
    ],
    [
      56,
      0.9435897435897436,
      0.7122051282051283
    ],
    [
      57,
      0.9435897435897436,
      0.7146666666666667
    ],
    [
      58,
      0.9435897435897436,
      0.7174871794871794
    ],
    [
      59,
      0.9435897435897436,
      0.7226495726495726
    ],
    [
      60,
      0.9435897435897436,
      0.7255213675213675
    ],
    [
      61,
      0.9538461538461539,
      0.7274358974358974
    ],
    [
      62,
      0.9538461538461539,
      0.7303760683760684
    ],
    [
      63,
      0.9538461538461539,
      0.7322905982905983
    ],
    [
      64,
      0.9538461538461539,
      0.7345641025641025
    ],
    [
      65,
      0.9538461538461539,
      0.7363589743589743
    ],
    [
      66,
      0.9538461538461539,
      0.7392991452991453
    ],
    [
      67,
      0.9538461538461539,
      0.7437094017094017
    ],
    [
      68,
      0.9538461538461539,
      0.7474529914529915
    ],
    [
      69,
      0.9538461538461539,
      0.7506495726495727
    ],
    [
      70,
      0.9538461538461539,
      0.7527521367521368
    ],
    [
      71,
      0.9538461538461539,
      0.7541709401709402
    ],
    [
      72,
      0.958974358974359,
      0.7568034188034188
    ],
    [
      73,
      0.958974358974359,
      0.7579145299145299
    ],
    [
      74,
      0.9692307692307692,
      0.7603931623931623
    ],
    [
      75,
      0.9692307692307692,
      0.7631794871794871
    ],
    [
      76,
      0.9692307692307692,
      0.7645982905982905
    ],
    [
      77,
      0.9692307692307692,
      0.7676410256410257
    ],
    [
      78,
      0.9692307692307692,
      0.7705641025641026
    ],
    [
      79,
      0.9692307692307692,
      0.7726837606837607
    ],
    [
      80,
      0.9692307692307692,
      0.7753504273504274
    ],
    [
      81,
      0.9692307692307692,
      0.7778974358974359
    ],
    [
      82,
      0.9692307692307692,
      0.7823760683760684
    ],
    [
      83,
      0.9692307692307692,
      0.7836923076923077
    ],
    [
      84,
      0.9692307692307692,
      0.7856239316239316
    ],
    [
      85,
      0.9692307692307692,
      0.7891111111111111
    ]
  ]
}