{
  "problem_id": "1.1",
  "best_fitness": 0.7307692307692307,
  "generation_found": 8,
  "avg_fitness_final": 0.4114358974358974,
  "avg_diversity_final": 0.3222895622895647,
  "total_time": 19.096971035003662,
  "top_sequences": [],
  "fitness_history": [
    [
      0,
      0.6794871794871795,
      0.3608974358974359
    ],
    [
      1,
      0.6794871794871795,
      0.39282051282051283
    ],
    [
      2,
      0.6794871794871795,
      0.4006410256410256
    ],
    [
      3,
      0.6794871794871795,
      0.3901282051282051
    ],
    [
      4,
      0.6794871794871795,
      0.38756410256410256
    ],
    [
      5,
      0.6794871794871795,
      0.41025641025641024
    ],
    [
      6,
      0.6794871794871795,
      0.3964102564102564
    ],
    [
      7,
      0.6794871794871795,
      0.41256410256410253
    ],
    [
      8,
      0.7307692307692307,
      0.3976923076923077
    ],
    [
      9,
      0.7307692307692307,
      0.3942307692307692
    ],
    [
      10,
      0.7307692307692307,
      0.4297435897435898
    ],
    [
      11,
      0.7307692307692307,
      0.4046153846153846
    ],
    [
      12,
      0.7307692307692307,
      0.41615384615384615
    ],
    [
      13,
      0.7307692307692307,
      0.4165384615384615
    ],
    [
      14,
      0.7307692307692307,
      0.4034615384615385
    ],
    [
      15,
      0.7307692307692307,
      0.4012820512820513
    ],
    [
      16,
      0.7307692307692307,
      0.4096153846153846
    ],
    [
      17,
      0.7307692307692307,
      0.42166666666666663
    ],
    [
      18,
      0.7307692307692307,
      0.4083333333333334
    ],
    [
      19,
      0.7307692307692307,
      0.40294871794871795
    ]
  ]
}