{
  "problem_id": "1.1",
  "best_fitness": 0.7051282051282052,
  "generation_found": 13,
  "avg_fitness_final": 0.400448717948718,
  "avg_diversity_final": 0.3251282051282074,
  "total_time": 20.25997018814087,
  "top_sequences": [],
  "fitness_history": [
    [
      0,
      0.6282051282051282,
      0.37166666666666665
    ],
    [
      1,
      0.6923076923076923,
      0.4012820512820513
    ],
    [
      2,
      0.6923076923076923,
      0.40192307692307694
    ],
    [
      3,
      0.6923076923076923,
      0.3844871794871795
    ],
    [
      4,
      0.6923076923076923,
      0.40102564102564103
    ],
    [
      5,
      0.6923076923076923,
      0.40589743589743593
    ],
    [
      6,
      0.6923076923076923,
      0.3830769230769231
    ],
    [
      7,
      0.6923076923076923,
      0.39743589743589747
    ],
    [
      8,
      0.6923076923076923,
      0.40589743589743593
    ],
    [
      9,
      0.6923076923076923,
      0.40423076923076917
    ],
    [
      10,
      0.6923076923076923,
      0.3998717948717949
    ],
    [
      11,
      0.6923076923076923,
      0.41294871794871796
    ],
    [
      12,
      0.6923076923076923,
      0.3942307692307692
    ],
    [
      13,
      0.7051282051282052,
      0.40794871794871795
    ],
    [
      14,
      0.7051282051282052,
      0.3987179487179487
    ],
    [
      15,
      0.7051282051282052,
      0.3985897435897436
    ],
    [
      16,
      0.7051282051282052,
      0.3953846153846154
    ],
    [
      17,
      0.7051282051282052,
      0.4115384615384615
    ],
    [
      18,
      0.7051282051282052,
      0.38884615384615384
    ],
    [
      19,
      0.7051282051282052,
      0.3964102564102564
    ]
  ]
}