{
  "problem_id": "1.1",
  "best_fitness": 0.7692307692307693,
  "generation_found": 8,
  "avg_fitness_final": 0.3988717948717949,
  "avg_diversity_final": 0.3246982646982669,
  "total_time": 20.201598644256592,
  "top_sequences": [],
  "fitness_history": [
    [
      0,
      0.5897435897435898,
      0.37666666666666665
    ],
    [
      1,
      0.6410256410256411,
      0.3917948717948718
    ],
    [
      2,
      0.6410256410256411,
      0.4005128205128205
    ],
    [
      3,
      0.6538461538461539,
      0.4075641025641026
    ],
    [
      4,
      0.6538461538461539,
      0.39294871794871794
    ],
    [
      5,
      0.6538461538461539,
      0.39730769230769236
    ],
    [
      6,
      0.6538461538461539,
      0.3993589743589744
    ],
    [
      7,
      0.6538461538461539,
      0.3962820512820513
    ],
    [
      8,
      0.7692307692307693,
      0.41102564102564104
    ],
    [
      9,
      0.7692307692307693,
      0.3956410256410256
    ],
    [
      10,
      0.7692307692307693,
      0.3987179487179487
    ],
    [
      11,
      0.7692307692307693,
      0.3941025641025641
    ],
    [
      12,
      0.7692307692307693,
      0.40782051282051285
    ],
    [
      13,
      0.7692307692307693,
      0.4052564102564103
    ],
    [
      14,
      0.7692307692307693,
      0.3917948717948718
    ],
    [
      15,
      0.7692307692307693,
      0.4006410256410256
    ],
    [
      16,
      0.7692307692307693,
      0.38641025641025645
    ],
    [
      17,
      0.7692307692307693,
      0.4044871794871795
    ],
    [
      18,
      0.7692307692307693,
      0.4065384615384615
    ],
    [
      19,
      0.7692307692307693,
      0.39294871794871794
    ]
  ]
}