{"final_valid_sequences_count":0,"_wandb":{"runtime":19},"gen_reached_0.7":8,"convergence_efficiency":0.08119658119658119,"success_rate":0,"gen_reached_0.5":0,"diversity_fitness_ratio":0.4412327827043199,"final_generation_found_problem_1.1":8,"final_runtime_seconds":19.096971035003662,"avg_fitness":0.40294871794871795,"final_metrics":true,"gen_reached_0.9":-1,"time_efficiency":2.2959742550683213,"best_fitness_problem_1.1":0.7307692307692307,"generation":19,"avg_fitness_problem_1.1":0.40294871794871795,"final_valid_sequences_count_problem_1.1":0,"diversity":0.3224397824397857,"final_best_fitness":0.7307692307692307,"best_fitness":0.7307692307692307,"_timestamp":1.7603452491315286e+09,"final_generation_found":8,"final_best_fitness_problem_1.1":0.7307692307692307,"final_runtime_seconds_problem_1.1":19.096971035003662,"fitness_improvement":0.3278205128205128,"gen_reached_0.95":-1,"convergence_analysis_problem_1.1":{"gen_reached_0.5":0,"gen_reached_0.7":8,"gen_reached_0.8":-1,"gen_reached_0.9":-1,"gen_reached_0.95":-1},"_runtime":19,"gen_reached_0.8":-1,"_step":20,"diversity_problem_1.1":0.3224397824397857,"problem_id":"1.1"}