{"_runtime":6.16881277,"best_fitness":0.6410256410256411,"diversity":0.3261771561771603,"generation":5,"_timestamp":1.760346367987349e+09,"_step":5,"_wandb":{"runtime":6}}