{
  "problem_id": "1.1",
  "best_fitness": 0.717948717948718,
  "generation_found": 18,
  "avg_fitness_final": 0.4080641025641025,
  "avg_diversity_final": 0.3237606837606855,
  "total_time": 19.348406076431274,
  "top_sequences": [],
  "fitness_history": [
    [
      0,
      0.5384615384615384,
      0.38358974358974357
    ],
    [
      1,
      0.5897435897435898,
      0.38230769230769235
    ],
    [
      2,
      0.6794871794871795,
      0.3862820512820513
    ],
    [
      3,
      0.6794871794871795,
      0.3956410256410256
    ],
    [
      4,
      0.6794871794871795,
      0.37730769230769234
    ],
    [
      5,
      0.6794871794871795,
      0.4035897435897436
    ],
    [
      6,
      0.6923076923076923,
      0.4076923076923077
    ],
    [
      7,
      0.6923076923076923,
      0.40397435897435896
    ],
    [
      8,
      0.6923076923076923,
      0.3993589743589744
    ],
    [
      9,
      0.6923076923076923,
      0.40615384615384614
    ],
    [
      10,
      0.6923076923076923,
      0.41102564102564104
    ],
    [
      11,
      0.6923076923076923,
      0.4102564102564103
    ],
    [
      12,
      0.6923076923076923,
      0.40115384615384614
    ],
    [
      13,
      0.6923076923076923,
      0.41217948717948716
    ],
    [
      14,
      0.6923076923076923,
      0.39320512820512815
    ],
    [
      15,
      0.6923076923076923,
      0.41846153846153844
    ],
    [
      16,
      0.6923076923076923,
      0.40602564102564104
    ],
    [
      17,
      0.6923076923076923,
      0.40384615384615385
    ],
    [
      18,
      0.717948717948718,
      0.4173076923076923
    ],
    [
      19,
      0.717948717948718,
      0.40717948717948715
    ]
  ]
}