{
  "problem_id": "1.1",
  "best_fitness": 0.717948717948718,
  "generation_found": 11,
  "avg_fitness_final": 0.398,
  "avg_diversity_final": 0.32696451696452034,
  "total_time": 20.795536756515503,
  "top_sequences": [],
  "fitness_history": [
    [
      0,
      0.6410256410256411,
      0.36743589743589744
    ],
    [
      1,
      0.6410256410256411,
      0.36653846153846154
    ],
    [
      2,
      0.6666666666666666,
      0.3901282051282051
    ],
    [
      3,
      0.6666666666666666,
      0.39192307692307693
    ],
    [
      4,
      0.6666666666666666,
      0.3803846153846154
    ],
    [
      5,
      0.6666666666666666,
      0.3902564102564103
    ],
    [
      6,
      0.6666666666666666,
      0.3817948717948718
    ],
    [
      7,
      0.6666666666666666,
      0.39384615384615385
    ],
    [
      8,
      0.6666666666666666,
      0.3958974358974359
    ],
    [
      9,
      0.6666666666666666,
      0.3905128205128205
    ],
    [
      10,
      0.6666666666666666,
      0.39807692307692305
    ],
    [
      11,
      0.717948717948718,
      0.3996153846153846
    ],
    [
      12,
      0.717948717948718,
      0.38769230769230767
    ],
    [
      13,
      0.717948717948718,
      0.4015384615384615
    ],
    [
      14,
      0.717948717948718,
      0.40384615384615385
    ],
    [
      15,
      0.717948717948718,
      0.40384615384615385
    ],
    [
      16,
      0.717948717948718,
      0.38782051282051283
    ],
    [
      17,
      0.717948717948718,
      0.39307692307692305
    ],
    [
      18,
      0.717948717948718,
      0.4035897435897436
    ],
    [
      19,
      0.717948717948718,
      0.4008974358974359
    ]
  ]
}