{"_step":30,"best_fitness":0.7794871794871795,"diversity":0.35715850555984396,"_wandb":{"runtime":260},"_runtime":260.811341631,"generation":30,"_timestamp":1.760369196007315e+09}