{
  "problem_id": "1.1",
  "best_fitness": 0.782051282051282,
  "generation_found": 15,
  "avg_fitness_final": 0.3968846153846154,
  "avg_diversity_final": 0.32248640248640564,
  "total_time": 19.701639413833618,
  "top_sequences": [],
  "top_sequences_with_fitness": [],
  "fitness_history": [
    [
      0,
      0.6025641025641025,
      0.366025641025641
    ],
    [
      1,
      0.6025641025641025,
      0.38
    ],
    [
      2,
      0.6025641025641025,
      0.3907692307692308
    ],
    [
      3,
      0.7692307692307693,
      0.38730769230769235
    ],
    [
      4,
      0.7692307692307693,
      0.39884615384615385
    ],
    [
      5,
      0.7692307692307693,
      0.3947435897435897
    ],
    [
      6,
      0.7692307692307693,
      0.3958974358974359
    ],
    [
      7,
      0.7692307692307693,
      0.3987179487179487
    ],
    [
      8,
      0.7692307692307693,
      0.39692307692307693
    ],
    [
      9,
      0.7692307692307693,
      0.41217948717948716
    ],
    [
      10,
      0.7692307692307693,
      0.3917948717948718
    ],
    [
      11,
      0.7692307692307693,
      0.37935897435897437
    ],
    [
      12,
      0.7692307692307693,
      0.39153846153846156
    ],
    [
      13,
      0.7692307692307693,
      0.3987179487179487
    ],
    [
      14,
      0.7692307692307693,
      0.39166666666666666
    ],
    [
      15,
      0.782051282051282,
      0.4116666666666666
    ],
    [
      16,
      0.782051282051282,
      0.39743589743589747
    ],
    [
      17,
      0.782051282051282,
      0.3935897435897436
    ],
    [
      18,
      0.782051282051282,
      0.4094871794871795
    ],
    [
      19,
      0.782051282051282,
      0.4035897435897436
    ]
  ]
}