{"_step":25,"best_fitness":0,"_wandb":{"runtime":244},"_runtime":244.408399065,"diversity":0.2367837746617592,"generation":25,"_timestamp":1.7603502126916518e+09}