{"final_best_fitness":0.9487179487179487,"_wandb":{"runtime":233},"_step":99,"final_valid_solutions":442,"_runtime":233,"termination_reason":"max_generations","diversity":0.40112969156447426,"final_runtime_minutes":3.8890175859133405,"best_fitness":0.9487179487179487,"_timestamp":1.7603672872873082e+09,"success":1,"generation":99,"early_terminated":false}