{"_wandb":{"runtime":0},"problems_solved":1,"device":"nyquist","experiment_name":"nyquist_pop_250_gen_120_mut_010","_runtime":0,"_step":0,"total_runtime_minutes":32.078275640805565,"success_rate":0,"max_fitness_achieved":0.8871794871794871,"avg_best_fitness":0.8871794871794871,"_timestamp":1.7603566130784528e+09}