{
  "problem_id": "1.1",
  "best_fitness": 0.717948717948718,
  "generation_found": 5,
  "avg_fitness_final": 0.4072051282051282,
  "avg_diversity_final": 0.32401450401450804,
  "total_time": 20.58995747566223,
  "top_sequences": [],
  "fitness_history": [
    [
      0,
      0.6025641025641025,
      0.36153846153846153
    ],
    [
      1,
      0.6025641025641025,
      0.3630769230769231
    ],
    [
      2,
      0.6538461538461539,
      0.385
    ],
    [
      3,
      0.6538461538461539,
      0.3808974358974359
    ],
    [
      4,
      0.7051282051282052,
      0.40243589743589747
    ],
    [
      5,
      0.717948717948718,
      0.3828205128205128
    ],
    [
      6,
      0.717948717948718,
      0.39679487179487183
    ],
    [
      7,
      0.717948717948718,
      0.4033333333333334
    ],
    [
      8,
      0.717948717948718,
      0.3896153846153846
    ],
    [
      9,
      0.717948717948718,
      0.4074358974358974
    ],
    [
      10,
      0.717948717948718,
      0.41333333333333333
    ],
    [
      11,
      0.717948717948718,
      0.4212820512820513
    ],
    [
      12,
      0.717948717948718,
      0.39910256410256406
    ],
    [
      13,
      0.717948717948718,
      0.4103846153846154
    ],
    [
      14,
      0.717948717948718,
      0.40423076923076917
    ],
    [
      15,
      0.717948717948718,
      0.395
    ],
    [
      16,
      0.717948717948718,
      0.39192307692307693
    ],
    [
      17,
      0.717948717948718,
      0.41756410256410254
    ],
    [
      18,
      0.717948717948718,
      0.41307692307692306
    ],
    [
      19,
      0.717948717948718,
      0.40615384615384614
    ]
  ]
}