{
  "problem_id": "1.1",
  "best_fitness": 0.6794871794871795,
  "generation_found": 6,
  "avg_fitness_final": 0.40584615384615386,
  "avg_diversity_final": 0.32404817404817793,
  "total_time": 22.12540626525879,
  "top_sequences": [],
  "fitness_history": [
    [
      0,
      0.6666666666666666,
      0.3516666666666666
    ],
    [
      1,
      0.6666666666666666,
      0.39397435897435895
    ],
    [
      2,
      0.6666666666666666,
      0.3994871794871795
    ],
    [
      3,
      0.6666666666666666,
      0.4044871794871795
    ],
    [
      4,
      0.6666666666666666,
      0.4001282051282051
    ],
    [
      5,
      0.6666666666666666,
      0.39615384615384613
    ],
    [
      6,
      0.6794871794871795,
      0.41192307692307695
    ],
    [
      7,
      0.6794871794871795,
      0.3935897435897436
    ],
    [
      8,
      0.6794871794871795,
      0.3914102564102564
    ],
    [
      9,
      0.6794871794871795,
      0.39692307692307693
    ],
    [
      10,
      0.6794871794871795,
      0.4102564102564103
    ],
    [
      11,
      0.6794871794871795,
      0.3917948717948718
    ],
    [
      12,
      0.6794871794871795,
      0.39717948717948715
    ],
    [
      13,
      0.6794871794871795,
      0.4076923076923077
    ],
    [
      14,
      0.6794871794871795,
      0.4096153846153846
    ],
    [
      15,
      0.6794871794871795,
      0.4114102564102564
    ],
    [
      16,
      0.6794871794871795,
      0.40307692307692305
    ],
    [
      17,
      0.6794871794871795,
      0.41089743589743594
    ],
    [
      18,
      0.6794871794871795,
      0.41833333333333333
    ],
    [
      19,
      0.6794871794871795,
      0.39820512820512816
    ]
  ]
}