{
  "problem_id": "3.2",
  "best_fitness": 0.8871794871794871,
  "generation_found": 110,
  "avg_fitness_final": 0.8246051282051281,
  "avg_diversity_final": 0.08223605205515562,
  "total_time": 1923.36408162117,
  "top_sequences": [],
  "top_sequences_with_fitness": [],
  "fitness_history": [
    [
      0,
      0.6,
      0.39651282051282055
    ],
    [
      1,
      0.6358974358974359,
      0.43684615384615383
    ],
    [
      2,
      0.6358974358974359,
      0.474025641025641
    ],
    [
      3,
      0.6358974358974359,
      0.4954615384615385
    ],
    [
      4,
      0.6410256410256411,
      0.5175384615384615
    ],
    [
      5,
      0.676923076923077,
      0.5287948717948718
    ],
    [
      6,
      0.676923076923077,
      0.5552564102564103
    ],
    [
      7,
      0.6871794871794872,
      0.5521794871794872
    ],
    [
      8,
      0.7435897435897436,
      0.5652820512820513
    ],
    [
      9,
      0.7435897435897436,
      0.574025641025641
    ],
    [
      10,
      0.7435897435897436,
      0.5962051282051282
    ],
    [
      11,
      0.7487179487179487,
      0.6024102564102565
    ],
    [
      12,
      0.7487179487179487,
      0.6105128205128205
    ],
    [
      13,
      0.7487179487179487,
      0.6273076923076923
    ],
    [
      14,
      0.7487179487179487,
      0.6418205128205128
    ],
    [
      15,
      0.7487179487179487,
      0.6438717948717948
    ],
    [
      16,
      0.7589743589743589,
      0.657
    ],
    [
      17,
      0.7589743589743589,
      0.6628717948717948
    ],
    [
      18,
      0.764102564102564,
      0.6607948717948717
    ],
    [
      19,
      0.764102564102564,
      0.6617179487179488
    ],
    [
      20,
      0.7743589743589744,
      0.6738205128205128
    ],
    [
      21,
      0.7743589743589744,
      0.6738717948717948
    ],
    [
      22,
      0.7794871794871795,
      0.6688461538461539
    ],
    [
      23,
      0.7794871794871795,
      0.6797179487179487
    ],
    [
      24,
      0.7794871794871795,
      0.6778461538461538
    ],
    [
      25,
      0.7794871794871795,
      0.6848461538461538
    ],
    [
      26,
      0.7846153846153846,
      0.6897948717948718
    ],
    [
      27,
      0.8051282051282052,
      0.7003076923076924
    ],
    [
      28,
      0.8051282051282052,
      0.6925641025641026
    ],
    [
      29,
      0.8051282051282052,
      0.6849743589743589
    ],
    [
      30,
      0.8051282051282052,
      0.6977692307692308
    ],
    [
      31,
      0.8051282051282052,
      0.7033589743589743
    ],
    [
      32,
      0.8051282051282052,
      0.6982051282051281
    ],
    [
      33,
      0.8051282051282052,
      0.7016153846153845
    ],
    [
      34,
      0.8307692307692308,
      0.716
    ],
    [
      35,
      0.8307692307692308,
      0.7075641025641026
    ],
    [
      36,
      0.8307692307692308,
      0.7138461538461539
    ],
    [
      37,
      0.8307692307692308,
      0.7287948717948719
    ],
    [
      38,
      0.8307692307692308,
      0.7351025641025641
    ],
    [
      39,
      0.8307692307692308,
      0.7315384615384616
    ],
    [
      40,
      0.8307692307692308,
      0.7339487179487179
    ],
    [
      41,
      0.8307692307692308,
      0.7418205128205128
    ],
    [
      42,
      0.8307692307692308,
      0.745948717948718
    ],
    [
      43,
      0.841025641025641,
      0.747948717948718
    ],
    [
      44,
      0.841025641025641,
      0.7485641025641026
    ],
    [
      45,
      0.841025641025641,
      0.7647948717948718
    ],
    [
      46,
      0.841025641025641,
      0.7481282051282051
    ],
    [
      47,
      0.841025641025641,
      0.7594615384615385
    ],
    [
      48,
      0.8461538461538461,
      0.7618974358974359
    ],
    [
      49,
      0.8512820512820513,
      0.767102564102564
    ],
    [
      50,
      0.8512820512820513,
      0.7703589743589744
    ],
    [
      51,
      0.8512820512820513,
      0.7695641025641025
    ],
    [
      52,
      0.8564102564102564,
      0.7738717948717948
    ],
    [
      53,
      0.8564102564102564,
      0.7885641025641026
    ],
    [
      54,
      0.8564102564102564,
      0.7832820512820513
    ],
    [
      55,
      0.8564102564102564,
      0.7826153846153846
    ],
    [
      56,
      0.8615384615384616,
      0.7814871794871795
    ],
    [
      57,
      0.8615384615384616,
      0.7833846153846153
    ],
    [
      58,
      0.8615384615384616,
      0.7713333333333332
    ],
    [
      59,
      0.8615384615384616,
      0.7856410256410257
    ],
    [
      60,
      0.8615384615384616,
      0.7900769230769231
    ],
    [
      61,
      0.8615384615384616,
      0.7906666666666666
    ],
    [
      62,
      0.8615384615384616,
      0.7829230769230768
    ],
    [
      63,
      0.8615384615384616,
      0.7797435897435898
    ],
    [
      64,
      0.8615384615384616,
      0.7884358974358975
    ],
    [
      65,
      0.8615384615384616,
      0.7823333333333333
    ],
    [
      66,
      0.8615384615384616,
      0.7937179487179488
    ],
    [
      67,
      0.8615384615384616,
      0.7915641025641026
    ],
    [
      68,
      0.8615384615384616,
      0.7861538461538461
    ],
    [
      69,
      0.8615384615384616,
      0.7958974358974359
    ],
    [
      70,
      0.8615384615384616,
      0.7902564102564102
    ],
    [
      71,
      0.8615384615384616,
      0.7990769230769231
    ],
    [
      72,
      0.8615384615384616,
      0.7855128205128206
    ],
    [
      73,
      0.8615384615384616,
      0.7886923076923077
    ],
    [
      74,
      0.8615384615384616,
      0.7806153846153846
    ],
    [
      75,
      0.8615384615384616,
      0.7785897435897436
    ],
    [
      76,
      0.8615384615384616,
      0.7795384615384616
    ],
    [
      77,
      0.8615384615384616,
      0.7878205128205128
    ],
    [
      78,
      0.8615384615384616,
      0.782
    ],
    [
      79,
      0.8666666666666667,
      0.7784358974358975
    ],
    [
      80,
      0.8666666666666667,
      0.7774871794871795
    ],
    [
      81,
      0.8666666666666667,
      0.7698717948717949
    ],
    [
      82,
      0.8666666666666667,
      0.7846153846153847
    ],
    [
      83,
      0.8666666666666667,
      0.7843333333333333
    ],
    [
      84,
      0.8666666666666667,
      0.7900769230769231
    ],
    [
      85,
      0.8666666666666667,
      0.7877435897435897
    ],
    [
      86,
      0.8666666666666667,
      0.7732820512820513
    ],
    [
      87,
      0.8666666666666667,
      0.7876153846153846
    ],
    [
      88,
      0.8666666666666667,
      0.7880769230769231
    ],
    [
      89,
      0.8666666666666667,
      0.7942820512820513
    ],
    [
      90,
      0.8666666666666667,
      0.7875897435897435
    ],
    [
      91,
      0.8666666666666667,
      0.7846153846153847
    ],
    [
      92,
      0.8666666666666667,
      0.8027692307692308
    ],
    [
      93,
      0.8666666666666667,
      0.8001538461538462
    ],
    [
      94,
      0.8666666666666667,
      0.7902564102564102
    ],
    [
      95,
      0.8666666666666667,
      0.7914102564102563
    ],
    [
      96,
      0.8666666666666667,
      0.7911538461538461
    ],
    [
      97,
      0.8666666666666667,
      0.7888974358974359
    ],
    [
      98,
      0.8666666666666667,
      0.7976666666666666
    ],
    [
      99,
      0.8666666666666667,
      0.8017435897435898
    ],
    [
      100,
      0.8666666666666667,
      0.7986923076923077
    ],
    [
      101,
      0.8666666666666667,
      0.798974358974359
    ],
    [
      102,
      0.8769230769230769,
      0.7951794871794872
    ],
    [
      103,
      0.8769230769230769,
      0.7938461538461539
    ],
    [
      104,
      0.8769230769230769,
      0.7950256410256411
    ],
    [
