{"avg_best_fitness":0.9692307692307692,"problems_solved":1,"success_rate":1,"experiment_name":"odin_pop_300_gen_100_mut_020","device":"odin","_timestamp":1.760358750509659e+09,"_step":0,"_runtime":0,"_wandb":{"runtime":0},"max_fitness_achieved":0.9692307692307692,"total_runtime_minutes":3.886656359831492}