{"_runtime":200.838484643,"_step":87,"best_fitness":0.7435897435897436,"diversity":0.5669007803790406,"generation":87,"_timestamp":1.760366990035092e+09,"_wandb":{"runtime":200}}