{"_step":0,"valid_sequences_found":0,"final_diversity":0.3237606837606855,"final_avg_fitness":0.4080641025641025,"_timestamp":1.7603434791604934e+09,"total_runtime_seconds":19.348406076431274,"top_sequences_count":0,"final_generation_found":18,"_wandb":{"runtime":19},"_runtime":19,"final_best_fitness":0.717948717948718}