{"_wandb":{"runtime":213},"_runtime":213.266243249,"best_fitness":1,"diversity":0.033602606980532926,"generation":76,"_timestamp":1.7603487761755204e+09,"_step":76}