{"generation":281,"_timestamp":1.7603763313976476e+09,"_step":281,"_wandb":{"runtime":2250},"_runtime":2250.594264464,"best_fitness":0.9487179487179487,"diversity":0.46773073073072846}