{
  "problem_id": "1.1",
  "best_fitness": 0.7051282051282052,
  "generation_found": 1,
  "avg_fitness_final": 0.3898102564102564,
  "avg_diversity_final": 0.3291422845693195,
  "total_time": 43.73341464996338,
  "top_sequences": [],
  "fitness_history": [
    [
      0,
      0.6153846153846154,
      0.3671538461538461
    ],
    [
      1,
      0.7051282051282052,
      0.3881794871794872
    ],
    [
      2,
      0.7051282051282052,
      0.38497435897435894
    ],
    [
      3,
      0.7051282051282052,
      0.3880769230769231
    ],
    [
      4,
      0.7051282051282052,
      0.3962051282051282
    ],
    [
      5,
      0.7051282051282052,
      0.39443589743589746
    ],
    [
      6,
      0.7051282051282052,
      0.39476923076923076
    ],
    [
      7,
      0.7051282051282052,
      0.3930769230769231
    ],
    [
      8,
      0.7051282051282052,
      0.398
    ],
    [
      9,
      0.7051282051282052,
      0.3932307692307692
    ]
  ]
}