{"_step":17,"best_fitness":1,"diversity":0.1952880572880538,"generation":17,"_timestamp":1.7603648074572227e+09,"_wandb":{"runtime":222},"_runtime":222.816074659}