{
  "problem_id": "3.2",
  "best_fitness": 0.7538461538461538,
  "generation_found": 62,
  "avg_fitness_final": 0.5013316239316239,
  "avg_diversity_final": 0.6086807878112224,
  "total_time": 752.1601223945618,
  "top_sequences": [],
  "top_sequences_with_fitness": [],
  "fitness_history": [
    [
      0,
      0.5794871794871795,
      0.3999145299145299
    ],
    [
      1,
      0.5794871794871795,
      0.3988888888888889
    ],
    [
      2,
      0.5897435897435898,
      0.4032136752136752
    ],
    [
      3,
      0.5692307692307692,
      0.41058119658119663
    ],
    [
      4,
      0.6153846153846154,
      0.4115042735042735
    ],
    [
      5,
      0.6102564102564103,
      0.4163931623931624
    ],
    [
      6,
      0.6717948717948717,
      0.42162393162393164
    ],
    [
      7,
      0.6205128205128205,
      0.42406837606837605
    ],
    [
      8,
      0.6461538461538462,
      0.4306837606837607
    ],
    [
      9,
      0.6205128205128205,
      0.4221025641025641
    ],
    [
      10,
      0.6307692307692307,
      0.4307179487179487
    ],
    [
      11,
      0.6564102564102564,
      0.43401709401709404
    ],
    [
      12,
      0.6564102564102564,
      0.43685470085470085
    ],
    [
      13,
      0.6256410256410256,
      0.4336752136752137
    ],
    [
      14,
      0.6256410256410256,
      0.4369230769230769
    ],
    [
      15,
      0.6410256410256411,
      0.4386324786324786
    ],
    [
      16,
      0.6153846153846154,
      0.44008547008547005
    ],
    [
      17,
      0.676923076923077,
      0.44256410256410256
    ],
    [
      18,
      0.6358974358974359,
      0.4362051282051282
    ],
    [
      19,
      0.6358974358974359,
      0.4363247863247864
    ],
    [
      20,
      0.6051282051282051,
      0.4343931623931624
    ],
    [
      21,
      0.6051282051282051,
      0.4251111111111111
    ],
    [
      22,
      0.6153846153846154,
      0.4373675213675214
    ],
    [
      23,
      0.6871794871794872,
      0.4442564102564103
    ],
    [
      24,
      0.6307692307692307,
      0.4357777777777778
    ],
    [
      25,
      0.6461538461538462,
      0.4393675213675214
    ],
    [
      26,
      0.6410256410256411,
      0.4390598290598291
    ],
    [
      27,
      0.6512820512820513,
      0.44283760683760687
    ],
    [
      28,
      0.6564102564102564,
      0.4438461538461539
    ],
    [
      29,
      0.6564102564102564,
      0.44675213675213676
    ],
    [
      30,
      0.6512820512820513,
      0.4436068376068376
    ],
    [
      31,
      0.6871794871794872,
      0.4476923076923077
    ],
    [
      32,
      0.7076923076923077,
      0.4408717948717949
    ],
    [
      33,
      0.6666666666666666,
      0.44584615384615384
    ],
    [
      34,
      0.6666666666666666,
      0.44895726495726496
    ],
    [
      35,
      0.6666666666666666,
      0.4597264957264957
    ],
    [
      36,
      0.6717948717948717,
      0.4551794871794872
    ],
    [
      37,
      0.6307692307692307,
      0.45076923076923076
    ],
    [
      38,
      0.6923076923076923,
      0.4643247863247863
    ],
    [
      39,
      0.6564102564102564,
      0.45765811965811964
    ],
    [
      40,
      0.6615384615384615,
      0.45610256410256406
    ],
    [
      41,
      0.6461538461538462,
      0.4568034188034188
    ],
    [
      42,
      0.6410256410256411,
      0.4514188034188034
    ],
    [
      43,
      0.6102564102564103,
      0.4401538461538462
    ],
    [
      44,
      0.6256410256410256,
      0.44777777777777783
    ],
    [
      45,
      0.6461538461538462,
      0.45070085470085475
    ],
    [
      46,
      0.6461538461538462,
      0.45753846153846156
    ],
    [
      47,
      0.6512820512820513,
      0.4505470085470085
    ],
    [
      48,
      0.676923076923077,
      0.450991452991453
    ],
    [
      49,
      0.6820512820512821,
      0.4627521367521368
    ],
    [
      50,
      0.6717948717948717,
      0.4513504273504273
    ],
    [
      51,
      0.7025641025641025,
      0.46408547008547013
    ],
    [
      52,
      0.6666666666666666,
      0.4638290598290598
    ],
    [
      53,
      0.6666666666666666,
      0.4690940170940171
    ],
    [
      54,
      0.6564102564102564,
      0.4743589743589744
    ],
    [
      55,
      0.6923076923076923,
      0.4736410256410256
    ],
    [
      56,
      0.7128205128205128,
      0.46907692307692306
    ],
    [
      57,
      0.7128205128205128,
      0.4725811965811966
    ],
    [
      58,
      0.7025641025641025,
      0.4632649572649573
    ],
    [
      59,
      0.7025641025641025,
      0.46454700854700853
    ],
    [
      60,
      0.7128205128205128,
      0.4668717948717949
    ],
    [
      61,
      0.7025641025641025,
      0.4717264957264957
    ],
    [
      62,
      0.7538461538461538,
      0.47726495726495727
    ],
    [
      63,
      0.7538461538461538,
      0.4798290598290599
    ],
    [
      64,
      0.7025641025641025,
      0.4865299145299145
    ],
    [
      65,
      0.7025641025641025,
      0.4888717948717949
    ],
    [
      66,
      0.7025641025641025,
      0.4888717948717949
    ],
    [
      67,
      0.7076923076923077,
      0.4931111111111111
    ],
    [
      68,
      0.7384615384615385,
      0.49591452991452994
    ],
    [
      69,
      0.7333333333333333,
      0.4954017094017094
    ],
    [
      70,
      0.6820512820512821,
      0.48685470085470084
    ],
    [
      71,
      0.6923076923076923,
      0.4754871794871795
    ],
    [
      72,
      0.6717948717948717,
      0.48252991452991456
    ],
    [
      73,
      0.6717948717948717,
      0.46735042735042737
    ],
    [
      74,
      0.676923076923077,
      0.47873504273504275
    ],
    [
      75,
      0.6871794871794872,
      0.47107692307692306
    ],
    [
      76,
      0.717948717948718,
      0.48092307692307695
    ],
    [
      77,
      0.717948717948718,
      0.4906837606837607
    ],
    [
      78,
      0.7384615384615385,
      0.49694017094017096
    ],
    [
      79,
      0.7384615384615385,
      0.5132136752136752
    ],
    [
      80,
      0.7384615384615385,
      0.5119487179487179
    ],
    [
      81,
      0.7384615384615385,
      0.5146324786324786
    ],
    [
      82,
      0.6974358974358974,
      0.5132478632478633
    ],
    [
      83,
      0.7128205128205128,
      0.5160854700854701
    ],
    [
      84,
      0.7282051282051282,
      0.5240170940170941
    ],
    [
      85,
      0.7384615384615385,
      0.512051282051282
    ],
    [
      86,
      0.7487179487179487,
      0.5003760683760684
    ],
    [
      87,
      0.7128205128205128,
      0.5044786324786324
    ],
    [
      88,
      0.7076923076923077,
      0.5132136752136752
    ],
    [
      89,
      0.7435897435897436,
      0.5092820512820513
    ],
    [
      90,
      0.7384615384615385,
      0.5184615384615385
    ],
    [
      91,
      0.7282051282051282,
      0.5224273504273504
    ],
    [
      92,
      0.7282051282051282,
      0.5304957264957265
    ],
    [
      93,
      0.717948717948718,
      0.5183589743589744
    ],
    [
      94,
      0.6974358974358974,
      0.49835897435897436
    ],
    [
      95,
      0.7282051282051282,
      0.49941880341880346
    ],
    [
      96,
      0.7076923076923077,
      0.4868034188034188
    ],
    [
      97,
      0.7128205128205128,
      0.4762735042735043
    ],
    [
      98,
      0.7128205128205128,
      0.48317948717948717
    ],
    [
      99,
      0.7025641025641025,
      0.4795384615384615
    ]
  ],
  "early_terminated": false,
  "termination_reason": null,
  "elite_percentage": 0.08,
  "elitism_count": 24
}