{"final_best_fitness":0.8974358974358975,"final_runtime_minutes":3.9267435391743977,"early_terminated":false,"generation":99,"diversity":0.16732098447817573,"final_valid_solutions":0,"termination_reason":"max_generations","success":0,"_wandb":{"runtime":235},"_runtime":235,"_timestamp":1.760360082871777e+09,"_step":99,"best_fitness":0.8974358974358975}