{"_step":164,"best_fitness":0.9230769230769231,"diversity":0.23272452597503218,"_wandb":{"runtime":9219},"_runtime":9219.056292679,"generation":164,"_timestamp":1.7604240949824398e+09}