{"experiment_name":"odin_1000_individuals","_runtime":0,"total_runtime_minutes":1.6829344868659972,"max_fitness_achieved":0.8205128205128205,"avg_best_fitness":0.8205128205128205,"_wandb":{"runtime":0},"_step":0,"_timestamp":1.76034649214693e+09,"device":"odin","problems_solved":1,"success_rate":0}