{
  "problem_id": "1.1",
  "best_fitness": 0.7692307692307693,
  "generation_found": 7,
  "avg_fitness_final": 0.3918166666666667,
  "avg_diversity_final": 0.3288097584761177,
  "total_time": 88.18842506408691,
  "top_sequences": [],
  "fitness_history": [
    [
      0,
      0.717948717948718,
      0.3684230769230769
    ],
    [
      1,
      0.717948717948718,
      0.3858461538461539
    ],
    [
      2,
      0.7307692307692307,
      0.3898974358974359
    ],
    [
      3,
      0.7307692307692307,
      0.3891794871794872
    ],
    [
      4,
      0.7307692307692307,
      0.3910769230769231
    ],
    [
      5,
      0.7307692307692307,
      0.39805128205128204
    ],
    [
      6,
      0.7307692307692307,
      0.3954102564102564
    ],
    [
      7,
      0.7692307692307693,
      0.4015897435897436
    ],
    [
      8,
      0.7692307692307693,
      0.3985769230769231
    ],
    [
      9,
      0.7692307692307693,
      0.40011538461538465
    ]
  ]
}