{"final_diversity":0.325457135457138,"_timestamp":1.7603426605920208e+09,"final_best_fitness":0.6666666666666666,"valid_sequences_found":0,"_runtime":19,"total_runtime_seconds":19.404170751571655,"final_generation_found":9,"_step":0,"final_avg_fitness":0.3960897435897436,"_wandb":{"runtime":19},"top_sequences_count":0}