{"_step":44,"best_fitness":0,"diversity":0.22985036768842085,"generation":44,"_timestamp":1.760359705541896e+09,"_wandb":{"runtime":425},"_runtime":425.612740405}