{"experiment_problems_completed":1,"final_problem":"1.1","experiment_avg_best_fitness":0.7948717948717948,"_runtime":87.988943931,"final_runtime_seconds":87.20514512062073,"_timestamp":1.7603358183952842e+09,"_step":0,"final_best_fitness":0.7948717948717948,"test_connection":true,"problem":"1.1","_wandb":{"runtime":87},"experiment_best_overall_fitness":0.7948717948717948,"final_generation_found":2,"final_valid_sequences":0,"experiment_total_runtime_minutes":1.4657706578572591}