{
  "problem_id": "1.1",
  "best_fitness": 0.782051282051282,
  "generation_found": 6,
  "avg_fitness_final": 0.3900269230769231,
  "avg_diversity_final": 0.3288020071350354,
  "total_time": 87.65516376495361,
  "top_sequences": [],
  "fitness_history": [
    [
      0,
      0.6410256410256411,
      0.3660769230769231
    ],
    [
      1,
      0.6538461538461539,
      0.38398717948717953
    ],
    [
      2,
      0.717948717948718,
      0.3876794871794872
    ],
    [
      3,
      0.717948717948718,
      0.3915897435897436
    ],
    [
      4,
      0.717948717948718,
      0.39494871794871794
    ],
    [
      5,
      0.717948717948718,
      0.3944615384615385
    ],
    [
      6,
      0.782051282051282,
      0.39721794871794874
    ],
    [
      7,
      0.782051282051282,
      0.39505128205128204
    ],
    [
      8,
      0.782051282051282,
      0.3925
    ],
    [
      9,
      0.782051282051282,
      0.3967564102564103
    ]
  ]
}