{"diversity":0.10977734827986159,"generation":15,"_timestamp":1.7603563996638563e+09,"_step":15,"_wandb":{"runtime":88},"_runtime":88.826453686,"best_fitness":0.8666666666666667}