{"_step":1,"total_runtime_seconds":22.12540626525879,"top_sequences_count":0,"final_best_fitness":0.6794871794871795,"final_avg_fitness":0.40584615384615386,"valid_sequences_found":0,"_runtime":22,"_timestamp":1.7603414611018076e+09,"final_diversity":0.32404817404817793,"problem_1.1_fitness_plot":{"sha256":"e8ed01f85d2f886b238eb85aea04ad0ced03d933646efcbd80fbb15338631b2d","size":32645,"path":"media/images/problem_1.1_fitness_plot_1_e8ed01f85d2f886b238e.png","format":"png","width":1000,"height":600,"_type":"image-file"},"_wandb":{"runtime":22},"final_generation_found":6}