{"max_fitness_achieved":0.7538461538461538,"total_runtime_minutes":12.560055768489837,"problems_solved":1,"success_rate":0,"_wandb":{"runtime":0},"_timestamp":1.7603703653949165e+09,"_step":0,"avg_best_fitness":0.7538461538461538,"experiment_name":"odin_pop_300_gen_100_mut_020","device":"odin","_runtime":0}