{"_wandb":{"runtime":120},"_runtime":120.962418538,"best_fitness":0.7564102564102564,"diversity":0.5594951833747813,"generation":50,"_timestamp":1.7603707658083184e+09,"_step":50}