{"best_fitness":0.9487179487179487,"diversity":0.24812737615413197,"generation":24,"_timestamp":1.7603670492806282e+09,"_step":24,"_wandb":{"runtime":58},"_runtime":58.077696647}