{
  "problem_id": "1.1",
  "best_fitness": 0.7692307692307693,
  "generation_found": 3,
  "avg_fitness_final": 0.38953589743589745,
  "avg_diversity_final": 0.3290788757002978,
  "total_time": 42.34919333457947,
  "top_sequences": [],
  "fitness_history": [
    [
      0,
      0.6666666666666666,
      0.3747692307692308
    ],
    [
      1,
      0.6666666666666666,
      0.38487179487179485
    ],
    [
      2,
      0.6666666666666666,
      0.3883333333333333
    ],
    [
      3,
      0.7692307692307693,
      0.39274358974358975
    ],
    [
      4,
      0.7692307692307693,
      0.39064102564102565
    ],
    [
      5,
      0.7692307692307693,
      0.38774358974358974
    ],
    [
      6,
      0.7692307692307693,
      0.3885128205128205
    ],
    [
      7,
      0.7692307692307693,
      0.3955897435897436
    ],
    [
      8,
      0.7692307692307693,
      0.39297435897435895
    ],
    [
      9,
      0.7692307692307693,
      0.3991794871794872
    ]
  ]
}