{"_runtime":237,"generation":99,"_timestamp":1.7603592718997788e+09,"final_runtime_minutes":3.9566388567288717,"final_valid_solutions":3322,"final_best_fitness":0.9487179487179487,"success":1,"diversity":0.2942320555698479,"_wandb":{"runtime":237},"_step":99,"early_terminated":false,"best_fitness":0.9487179487179487,"termination_reason":"max_generations"}