{
  "problem_id": "1.1",
  "best_fitness": 0.6794871794871795,
  "generation_found": 16,
  "avg_fitness_final": 0.3944230769230769,
  "avg_diversity_final": 0.32269101269101536,
  "total_time": 18.718138694763184,
  "top_sequences": [],
  "fitness_history": [
    [
      0,
      0.5641025641025641,
      0.3535897435897436
    ],
    [
      1,
      0.6025641025641025,
      0.376025641025641
    ],
    [
      2,
      0.6410256410256411,
      0.4014102564102564
    ],
    [
      3,
      0.6410256410256411,
      0.3896153846153846
    ],
    [
      4,
      0.6410256410256411,
      0.40192307692307694
    ],
    [
      5,
      0.6410256410256411,
      0.3746153846153846
    ],
    [
      6,
      0.6410256410256411,
      0.38641025641025645
    ],
    [
      7,
      0.6410256410256411,
      0.39205128205128204
    ],
    [
      8,
      0.6410256410256411,
      0.38782051282051283
    ],
    [
      9,
      0.6410256410256411,
      0.37858974358974357
    ],
    [
      10,
      0.6410256410256411,
      0.3861538461538461
    ],
    [
      11,
      0.6410256410256411,
      0.38782051282051283
    ],
    [
      12,
      0.6410256410256411,
      0.40294871794871795
    ],
    [
      13,
      0.6410256410256411,
      0.3896153846153846
    ],
    [
      14,
      0.6410256410256411,
      0.3887179487179487
    ],
    [
      15,
      0.6538461538461539,
      0.40102564102564103
    ],
    [
      16,
      0.6794871794871795,
      0.40384615384615385
    ],
    [
      17,
      0.6794871794871795,
      0.3957692307692308
    ],
    [
      18,
      0.6794871794871795,
      0.3962820512820513
    ],
    [
      19,
      0.6794871794871795,
      0.39205128205128204
    ]
  ]
}