{"experiment_name":"odin_pop_300_gen_100_mut_020","total_runtime_minutes":9.690754338105519,"_timestamp":1.7603684389116807e+09,"problems_solved":1,"max_fitness_achieved":0.8769230769230769,"success_rate":0,"_runtime":0,"avg_best_fitness":0.8769230769230769,"_wandb":{"runtime":0},"device":"odin","_step":0}