{"final_runtime_minutes":1.6641638120015463,"_runtime":99,"diversity":0.3277466977466997,"success":0,"_wandb":{"runtime":99},"generation":99,"final_valid_solutions":0,"final_best_fitness":0.8205128205128205,"_timestamp":1.760346491293805e+09,"_step":99,"best_fitness":0.8205128205128205}