{"experiment_name":"odin_pop_300_gen_100_mut_020","max_fitness_achieved":0.9282051282051282,"avg_best_fitness":0.9282051282051282,"total_runtime_minutes":8.403914280732472,"problems_solved":1,"_timestamp":1.7603575747864244e+09,"success_rate":1,"_step":0,"_wandb":{"runtime":0},"_runtime":0,"device":"odin"}