{"experiment_total_runtime_minutes":0.3100079417228699,"_wandb":{"runtime":18},"final_1_1_best_fitness":0.7307692307692307,"experiment_avg_best_fitness":0.7307692307692307,"final_1_1_runtime_seconds":18.59112787246704,"experiment_problems_completed":1,"experiment_best_overall_fitness":0.7307692307692307,"_runtime":18,"final_1_1_generation_found":8,"final_1_1_valid_sequences":0}