{
  "problem_id": "2.1",
  "best_fitness": 0.9541284403669725,
  "generation_found": 64,
  "avg_fitness_final": 0.6177905198776759,
  "avg_diversity_final": 0.219985987951684,
  "total_time": 467.0673906803131,
  "top_sequences": [
    "UUAAUAAAUACAGGGCGGCUCUACAGUACCUAAAUAGUUAUCGAGUAUUAAAAGUUAUAGUGGUCGAGCUUUUAUGGAUAACGAUUUGGGUAUUGUGGACAGGGUGGAUAGUGAUCGAACCAGAUCUACGCAUGCUAUCCCGGAUGUGACACAUCCGCCGGCUUAUUAUGUAGAGCAUUGAGGUUACUUAAUGUACAUGGAUAAUAAGAUCGCCAAAU",
    "UUAAUAAAUACAGGGCGGCUCUACAGUACCUAAAUAGUUAUCGAGUAUUAAAAGUUAUAGUGGUCGAGCUUUUAUGGAUAACGAUUUGGGUAUUGUGGACAGGGUGGAUAGUGAUCGAACCAGAUCUACGCAUGCUAUCCCGGAUGUGACACAUCCGCCGGCUUAUUAUGUAGAGCAUUGAGGUUACUUAAUGUACAUGGAUAAUAAGAUCGCCAAAU",
    "UUAAUAAAUACAGGGCGGCUCUACAGUACCUAAAUAGUUAUCGAGUAUUAAAAGUUAUAGUGGUCGAGCUUUUAUGGAUAACGAUUUGGGUAUUGUGGACAGGGUGGAUAGUGAUCGAACCAGAUCUACGCAUGCUAUCCCGGAUGUGACACAUCCGCCGGCUUAUUAUGUAGAGCAUUGAGGUUACUUAAUGUACAUGGAUAAUAAGAUCGCCAAAU",
    "UUAAUAGAUAAAGGGCGCUUCUACAAUACCUAAAUAGUUAUCGAGUAUUAAAAGUUACGAUGGUCAAACUUUUAUGGAUAACGGUUUGGGUAUUGUGGACAGGGUGGAUAGUGAUCGAACCAGAUCUACGCAGGCUAUCCCGGAUGCGACACAUCCGCCGGCUUAUUAUGUAAUGCAUUGAGGUUACUUAAUGUACAUAGAUAAUAAGAUCGCUAAAU",
    "UUAAUAAAUACAGGGCGGCUCUACAGUACCUAAAUAGUUAUCGAGUAUUAAAAGUUAUAGUGGUCGAGCUUUUAUGGAUAACGAUUUGGGUAUUGUGGACAGGGUGGAUAGUGAUCGAACCAGAUCUACGCAUGCUAUCCCGGAUGUGACACAUCCGCCGGCUUAUUAUGUAGAGCAUUGAGGUUACUUAAUGUACAUGGAUAAUAAGAUCGCCAAAU"
  ],
  "fitness_history": [
    [
      0,
      0.5871559633027523,
      0.38470948012232414
    ],
    [
      1,
      0.6605504587155964,
      0.3989449541284404
    ],
    [
      2,
      0.6605504587155964,
      0.409434250764526
    ],
    [
      3,
      0.7201834862385321,
      0.418302752293578
    ],
    [
      4,
      0.7247706422018348,
      0.4237155963302753
    ],
    [
      5,
      0.7293577981651376,
      0.4298470948012233
    ],
    [
      6,
      0.7798165137614679,
      0.4355810397553517
    ],
    [
      7,
      0.8119266055045872,
      0.44077981651376147
    ],
    [
      8,
      0.8302752293577982,
      0.44596330275229357
    ],
    [
      9,
      0.8532110091743119,
      0.4497400611620795
    ],
    [
      10,
      0.8532110091743119,
      0.45535168195718656
    ],
    [
      11,
      0.8532110091743119,
      0.45957186544342504
    ],
    [
      12,
      0.8532110091743119,
      0.4634250764525994
    ],
    [
      13,
      0.8532110091743119,
      0.46669724770642207
    ],
    [
      14,
      0.8532110091743119,
      0.47070336391437306
    ],
    [
      15,
      0.8532110091743119,
      0.4946941896024465
    ],
    [
      16,
      0.8623853211009175,
      0.4962232415902141
    ],
    [
      17,
      0.8623853211009175,
      0.49918960244648325
    ],
    [
      18,
      0.8990825688073395,
      0.5008256880733946
    ],
    [
      19,
      0.8990825688073395,
      0.5024464831804282
    ],
    [
      20,
      0.8990825688073395,
      0.5065902140672782
    ],
    [
      21,
      0.8990825688073395,
      0.5101223241590215
    ],
    [
      22,
      0.8990825688073395,
      0.5123088685015291
    ],
    [
      23,
      0.8990825688073395,
      0.5152446483180428
    ],
    [
      24,
      0.908256880733945,
      0.5178134556574924
    ],
    [
      25,
      0.908256880733945,
      0.5193119266055045
    ],
    [
      26,
      0.908256880733945,
      0.5211314984709481
    ],
    [
      27,
      0.9128440366972477,
      0.5228287461773701
    ],
    [
      28,
      0.9128440366972477,
      0.5259480122324159
    ],
    [
      29,
      0.9220183486238532,
      0.5276299694189602
    ],
    [
      30,
      0.9220183486238532,
      0.5437003058103975
    ],
    [
      31,
      0.9220183486238532,
      0.5451376146788991
    ],
    [
      32,
      0.9220183486238532,
      0.5470183486238532
    ],
    [
      33,
      0.9220183486238532,
      0.5495565749235474
    ],
    [
      34,
      0.9220183486238532,
      0.5507798165137615
    ],
    [
      35,
      0.9220183486238532,
      0.5528440366972477
    ],
    [
      36,
      0.9220183486238532,
      0.5548776758409786
    ],
    [
      37,
      0.9311926605504587,
      0.55717125382263
    ],
    [
      38,
      0.9311926605504587,
      0.5593883792048929
    ],
    [
      39,
      0.9311926605504587,
      0.5604281345565749
    ],
    [
      40,
      0.9403669724770642,
      0.5637920489296636
    ],
    [
      41,
      0.9403669724770642,
      0.5661620795107034
    ],
    [
      42,
      0.9403669724770642,
      0.5689296636085627
    ],
    [
      43,
      0.9403669724770642,
      0.5708103975535169
    ],
    [
      44,
      0.9403669724770642,
      0.5717584097859327
    ],
    [
      45,
      0.944954128440367,
      0.5729051987767584
    ],
    [
      46,
      0.944954128440367,
      0.5798623853211009
    ],
    [
      47,
      0.944954128440367,
      0.5808409785932721
    ],
    [
      48,
      0.944954128440367,
      0.5820489296636085
    ],
    [
      49,
      0.944954128440367,
      0.5833639143730888
    ],
    [
      50,
      0.944954128440367,
      0.5848776758409786
    ],
    [
      51,
      0.944954128440367,
      0.5859174311926606
    ],
    [
      52,
      0.944954128440367,
      0.5875840978593272
    ],
    [
      53,
      0.944954128440367,
      0.5892966360856269
    ],
    [
      54,
      0.944954128440367,
      0.5907186544342508
    ],
    [
      55,
      0.944954128440367,
      0.59217125382263
    ],
    [
      56,
      0.944954128440367,
      0.5930733944954129
    ],
    [
      57,
      0.944954128440367,
      0.5931039755351682
    ],
    [
      58,
      0.944954128440367,
      0.5942048929663609
    ],
    [
      59,
      0.944954128440367,
      0.5948623853211009
    ],
    [
      60,
      0.944954128440367,
      0.5953975535168196
    ],
    [
      61,
      0.944954128440367,
      0.5964067278287462
    ],
    [
      62,
      0.944954128440367,
      0.5975076452599388
    ],
    [
      63,
      0.944954128440367,
      0.5988532110091743
    ],
    [
      64,
      0.9541284403669725,
      0.6065443425076452
    ],
    [
      65,
      0.9541284403669725,
      0.6086697247706422
    ],
    [
      66,
      0.9541284403669725,
      0.6097706422018349
    ],
    [
      67,
      0.9541284403669725,
      0.6116972477064221
    ],
    [
      68,
      0.9541284403669725,
      0.61282874617737
    ],
    [
      69,
      0.9541284403669725,
      0.6137461773700306
    ],
    [
      70,
      0.9541284403669725,
      0.6147553516819572
    ],
    [
      71,
      0.9541284403669725,
      0.6153211009174312
    ],
    [
      72,
      0.9541284403669725,
      0.616651376146789
    ],
    [
      73,
      0.9541284403669725,
      0.6179051987767584
    ],
    [
      74,
      0.9541284403669725,
      0.6192813455657493
    ],
    [
      75,
      0.9541284403669725,
      0.6194648318042814
    ],
    [
      76,
      0.9541284403669725,
      0.6197400611620795
    ],
    [
      77,
      0.9541284403669725,
      0.6204587155963304
    ],
    [
      78,
      0.9541284403669725,
      0.6205810397553516
    ]
  ]
}