{
  "problem_id": "2.2",
  "best_fitness": 0.0,
  "generation_found": 0,
  "avg_fitness_final": 0.0,
  "avg_diversity_final": 0.7496049052602443,
  "total_time": 69.08825993537903,
  "top_sequences": [],
  "fitness_history": [
    [
      0,
      0.0,
      0.0
    ],
    [
      1,
      0.0,
      0.0
    ],
    [
      2,
      0.0,
      0.0
    ],
    [
      3,
      0.0,
      0.0
    ],
    [
      4,
      0.0,
      0.0
    ],
    [
      5,
      0.0,
      0.0
    ],
    [
      6,
      0.0,
      0.0
    ],
    [
      7,
      0.0,
      0.0
    ],
    [
      8,
      0.0,
      0.0
    ],
    [
      9,
      0.0,
      0.0
    ]
  ]
}