{
  "problem_id": "3.2",
  "best_fitness": 0.8769230769230769,
  "generation_found": 60,
  "avg_fitness_final": 0.7309675213675214,
  "avg_diversity_final": 0.22542652145327816,
  "total_time": 580.0282921791077,
  "top_sequences": [],
  "top_sequences_with_fitness": [],
  "fitness_history": [
    [
      0,
      0.5846153846153846,
      0.3955897435897436
    ],
    [
      1,
      0.6153846153846154,
      0.42136752136752137
    ],
    [
      2,
      0.6153846153846154,
      0.43352136752136755
    ],
    [
      3,
      0.6256410256410256,
      0.4535726495726496
    ],
    [
      4,
      0.6615384615384615,
      0.4682393162393163
    ],
    [
      5,
      0.6461538461538462,
      0.479025641025641
    ],
    [
      6,
      0.6461538461538462,
      0.4856068376068376
    ],
    [
      7,
      0.6307692307692307,
      0.4956410256410257
    ],
    [
      8,
      0.6615384615384615,
      0.5066495726495727
    ],
    [
      9,
      0.6615384615384615,
      0.5144957264957265
    ],
    [
      10,
      0.6615384615384615,
      0.5233333333333333
    ],
    [
      11,
      0.6410256410256411,
      0.4995726495726495
    ],
    [
      12,
      0.6512820512820513,
      0.49234188034188037
    ],
    [
      13,
      0.6820512820512821,
      0.4801538461538462
    ],
    [
      14,
      0.6820512820512821,
      0.5069230769230769
    ],
    [
      15,
      0.7282051282051282,
      0.5173162393162394
    ],
    [
      16,
      0.7282051282051282,
      0.5345811965811966
    ],
    [
      17,
      0.717948717948718,
      0.5367692307692308
    ],
    [
      18,
      0.7076923076923077,
      0.5479145299145299
    ],
    [
      19,
      0.717948717948718,
      0.5671965811965811
    ],
    [
      20,
      0.7384615384615385,
      0.5803760683760684
    ],
    [
      21,
      0.7282051282051282,
      0.5839316239316239
    ],
    [
      22,
      0.7384615384615385,
      0.5822905982905983
    ],
    [
      23,
      0.7538461538461538,
      0.5838119658119658
    ],
    [
      24,
      0.7538461538461538,
      0.5896068376068376
    ],
    [
      25,
      0.764102564102564,
      0.5981709401709402
    ],
    [
      26,
      0.7743589743589744,
      0.6070940170940171
    ],
    [
      27,
      0.7743589743589744,
      0.6232820512820513
    ],
    [
      28,
      0.7743589743589744,
      0.6383589743589744
    ],
    [
      29,
      0.7846153846153846,
      0.6511282051282051
    ],
    [
      30,
      0.8256410256410256,
      0.6602222222222222
    ],
    [
      31,
      0.8256410256410256,
      0.6815213675213676
    ],
    [
      32,
      0.8256410256410256,
      0.7032307692307692
    ],
    [
      33,
      0.8358974358974359,
      0.7076581196581196
    ],
    [
      34,
      0.8358974358974359,
      0.7195384615384616
    ],
    [
      35,
      0.8358974358974359,
      0.7291282051282051
    ],
    [
      36,
      0.8256410256410256,
      0.6643589743589743
    ],
    [
      37,
      0.8358974358974359,
      0.7009059829059829
    ],
    [
      38,
      0.8256410256410256,
      0.7129230769230769
    ],
    [
      39,
      0.8358974358974359,
      0.7184786324786324
    ],
    [
      40,
      0.8358974358974359,
      0.7320854700854701
    ],
    [
      41,
      0.8358974358974359,
      0.7309059829059829
    ],
    [
      42,
      0.8358974358974359,
      0.688991452991453
    ],
    [
      43,
      0.8358974358974359,
      0.6699316239316239
    ],
    [
      44,
      0.841025641025641,
      0.648
    ],
    [
      45,
      0.841025641025641,
      0.6854358974358974
    ],
    [
      46,
      0.841025641025641,
      0.7181880341880342
    ],
    [
      47,
      0.841025641025641,
      0.7202564102564102
    ],
    [
      48,
      0.841025641025641,
      0.7325470085470085
    ],
    [
      49,
      0.8461538461538461,
      0.7451282051282052
    ],
    [
      50,
      0.8512820512820513,
      0.743008547008547
    ],
    [
      51,
      0.8666666666666667,
      0.7443931623931624
    ],
    [
      52,
      0.8615384615384616,
      0.7564615384615384
    ],
    [
      53,
      0.8666666666666667,
      0.7766153846153846
    ],
    [
      54,
      0.8666666666666667,
      0.7838290598290598
    ],
    [
      55,
      0.8717948717948718,
      0.786051282051282
    ],
    [
      56,
      0.8717948717948718,
      0.799880341880342
    ],
    [
      57,
      0.8717948717948718,
      0.7894358974358974
    ],
    [
      58,
      0.8717948717948718,
      0.7845641025641026
    ],
    [
      59,
      0.8717948717948718,
      0.7926495726495727
    ],
    [
      60,
      0.8769230769230769,
      0.7954188034188033
    ],
    [
      61,
      0.8769230769230769,
      0.7961538461538461
    ],
    [
      62,
      0.8769230769230769,
      0.7983247863247863
    ],
    [
      63,
      0.8769230769230769,
      0.7928888888888889
    ],
    [
      64,
      0.8769230769230769,
      0.7964957264957265
    ],
    [
      65,
      0.8769230769230769,
      0.7940512820512821
    ],
    [
      66,
      0.8769230769230769,
      0.7889059829059829
    ],
    [
      67,
      0.8769230769230769,
      0.7524273504273504
    ],
    [
      68,
      0.8769230769230769,
      0.7266153846153846
    ],
    [
      69,
      0.8769230769230769,
      0.7022735042735042
    ],
    [
      70,
      0.8769230769230769,
      0.6851282051282052
    ],
    [
      71,
      0.8666666666666667,
      0.6389059829059829
    ],
    [
      72,
      0.8769230769230769,
      0.6910940170940171
    ],
    [
      73,
      0.8769230769230769,
      0.7208205128205128
    ],
    [
      74,
      0.8769230769230769,
      0.748940170940171
    ],
    [
      75,
      0.8769230769230769,
      0.7625299145299146
    ],
    [
      76,
      0.8769230769230769,
      0.7677264957264958
    ],
    [
      77,
      0.8769230769230769,
      0.7181538461538461
    ],
    [
      78,
      0.8769230769230769,
      0.7093333333333334
    ],
    [
      79,
      0.8769230769230769,
      0.6971452991452992
    ],
    [
      80,
      0.8769230769230769,
      0.6909059829059829
    ],
    [
      81,
      0.8666666666666667,
      0.6495042735042735
    ],
    [
      82,
      0.8769230769230769,
      0.6839999999999999
    ],
    [
      83,
      0.8769230769230769,
      0.7187692307692308
    ],
    [
      84,
      0.8769230769230769,
      0.7452991452991453
    ],
    [
      85,
      0.8769230769230769,
      0.7642905982905983
    ],
    [
      86,
      0.8769230769230769,
      0.766957264957265
    ],
    [
      87,
      0.8769230769230769,
      0.7299829059829059
    ],
    [
      88,
      0.8769230769230769,
      0.7082393162393162
    ],
    [
      89,
      0.8769230769230769,
      0.7027863247863247
    ],
    [
      90,
      0.8769230769230769,
      0.6888888888888889
    ],
    [
      91,
      0.8769230769230769,
      0.6616068376068376
    ],
    [
      92,
      0.8769230769230769,
      0.6944615384615385
    ],
    [
      93,
      0.8769230769230769,
      0.7290598290598291
    ],
    [
      94,
      0.8769230769230769,
      0.7603931623931623
    ],
    [
      95,
      0.8769230769230769,
      0.7708205128205128
    ],
    [
      96,
      0.8769230769230769,
      0.7906495726495727
    ],
    [
      97,
      0.8769230769230769,
      0.7563418803418803
    ],
    [
      98,
      0.8769230769230769,
      0.7397777777777778
    ],
    [
      99,
      0.8769230769230769,
      0.7176752136752137
    ]
  ],
  "early_terminated": false,
  "termination_reason": null,
  "elite_percentage": 0.08,
  "elitism_count": 24
}