{"_timestamp":1.760358852095469e+09,"_step":9,"best_fitness":0.8461538461538461,"diversity":0.22223194122859682,"generation":9,"_wandb":{"runtime":23},"_runtime":23.108519755}