{"final_best_fitness":0.7051282051282052,"final_generation_found":13,"_timestamp":1.7603432354263296e+09,"valid_sequences_found":0,"final_avg_fitness":0.400448717948718,"top_sequences_count":0,"_runtime":20,"final_diversity":0.3251282051282074,"total_runtime_seconds":20.25997018814087,"_step":0,"_wandb":{"runtime":20}}