{
  "problem_id": "1.1",
  "best_fitness": 0.7051282051282052,
  "generation_found": 6,
  "avg_fitness_final": 0.40847435897435896,
  "avg_diversity_final": 0.3250997150997181,
  "total_time": 19.435778856277466,
  "top_sequences": [],
  "fitness_history": [
    [
      0,
      0.6666666666666666,
      0.3682051282051282
    ],
    [
      1,
      0.6666666666666666,
      0.3885897435897436
    ],
    [
      2,
      0.6666666666666666,
      0.3902564102564103
    ],
    [
      3,
      0.6666666666666666,
      0.37730769230769234
    ],
    [
      4,
      0.6666666666666666,
      0.38141025641025644
    ],
    [
      5,
      0.6666666666666666,
      0.3852564102564103
    ],
    [
      6,
      0.7051282051282052,
      0.4001282051282051
    ],
    [
      7,
      0.7051282051282052,
      0.40679487179487184
    ],
    [
      8,
      0.7051282051282052,
      0.4007692307692308
    ],
    [
      9,
      0.7051282051282052,
      0.3975641025641026
    ],
    [
      10,
      0.7051282051282052,
      0.4033333333333334
    ],
    [
      11,
      0.7051282051282052,
      0.4085897435897436
    ],
    [
      12,
      0.7051282051282052,
      0.4106410256410256
    ],
    [
      13,
      0.7051282051282052,
      0.4073076923076923
    ],
    [
      14,
      0.7051282051282052,
      0.41089743589743594
    ],
    [
      15,
      0.7051282051282052,
      0.4034615384615385
    ],
    [
      16,
      0.7051282051282052,
      0.4006410256410256
    ],
    [
      17,
      0.7051282051282052,
      0.41294871794871796
    ],
    [
      18,
      0.7051282051282052,
      0.41743589743589743
    ],
    [
      19,
      0.7051282051282052,
      0.4094871794871795
    ]
  ]
}