{
  "problem_id": "1.1",
  "best_fitness": 0.9743589743589743,
  "generation_found": 17,
  "avg_fitness_final": 0.6350717948717949,
  "avg_diversity_final": 0.18851084417750785,
  "total_time": 194.16730856895447,
  "top_sequences": [
    "GAACUUUAGUUCCGAUCCUCCAGCACCCGGAGGCCUAUUCGAUACGUCCCCCCCCGCGCGCGUGGGACAACGCGACCG",
    "GAACUUUAGUUCCGAUCCUCUAGCUCAAGGAGGCCUAUUCGAUACGUCCCCCCCCGCGCGCGUGGGACAACGCGACCG",
    "GAACUUUCGUUCCGAUCCUCUAGCACCCGGAGGCCUAUUCUAUACGUCCCCCCCCGCGCGCGUGGGACAACGCGACCG",
    "GAACUAUCGUUCCGAUCCUCCAGCUCACGGAGGCCAAUUCUGUACGUCCCCAUCCGCGCGCGUGGGACAACGCGAACU",
    "GAACUUUCGUUCCGAUCCUCUAGCACCCGGAGGCCUAUUCUAUACGUCCCCCCCCGCGCGCGUGGGACAACGCGACCG"
  ],
  "fitness_history": [
    [
      0,
      0.7051282051282052,
      0.3639102564102564
    ],
    [
      1,
      0.7435897435897436,
      0.3926794871794872
    ],
    [
      2,
      0.7435897435897436,
      0.4217179487179487
    ],
    [
      3,
      0.7435897435897436,
      0.446
    ],
    [
      4,
      0.7948717948717948,
      0.46061538461538465
    ],
    [
      5,
      0.7948717948717948,
      0.481474358974359
    ],
    [
      6,
      0.7948717948717948,
      0.49538461538461537
    ],
    [
      7,
      0.8461538461538461,
      0.511051282051282
    ],
    [
      8,
      0.8461538461538461,
      0.5269102564102565
    ],
    [
      9,
      0.8974358974358975,
      0.551
    ],
    [
      10,
      0.8974358974358975,
      0.5592564102564103
    ],
    [
      11,
      0.8974358974358975,
      0.569525641025641
    ],
    [
      12,
      0.9358974358974359,
      0.5887307692307693
    ],
    [
      13,
      0.9230769230769231,
      0.6001153846153846
    ],
    [
      14,
      0.9358974358974359,
      0.6261794871794872
    ],
    [
      15,
      0.9358974358974359,
      0.6414871794871795
    ],
    [
      16,
      0.9230769230769231,
      0.6602051282051282
    ],
    [
      17,
      0.9743589743589743,
      0.6031666666666666
    ],
    [
      18,
      0.9743589743589743,
      0.6467692307692308
    ],
    [
      19,
      0.9743589743589743,
      0.6694487179487179
    ],
    [
      20,
      0.9743589743589743,
      0.6671153846153847
    ],
    [
      21,
      0.9743589743589743,
      0.6475
    ]
  ]
}