{"generation":199,"final_valid_solutions":36307,"success":1,"final_runtime_minutes":99.0640808780988,"termination_reason":"max_generations","_wandb":{"runtime":5943},"diversity":0.22437614024281227,"early_terminated":false,"final_best_fitness":0.9794871794871794,"_timestamp":1.760397208385064e+09,"_step":199,"_runtime":5943,"best_fitness":0.958974358974359}