{
  "problem_id": "1.1",
  "best_fitness": 0.7564102564102564,
  "generation_found": 1,
  "avg_fitness_final": 0.3919205128205128,
  "avg_diversity_final": 0.3291966497098597,
  "total_time": 42.17335891723633,
  "top_sequences": [],
  "fitness_history": [
    [
      0,
      0.7051282051282052,
      0.36217948717948717
    ],
    [
      1,
      0.7564102564102564,
      0.38674358974358974
    ],
    [
      2,
      0.7564102564102564,
      0.3973076923076923
    ],
    [
      3,
      0.7564102564102564,
      0.3921794871794872
    ],
    [
      4,
      0.7564102564102564,
      0.389
    ],
    [
      5,
      0.7564102564102564,
      0.40297435897435896
    ],
    [
      6,
      0.7564102564102564,
      0.39146153846153847
    ],
    [
      7,
      0.7564102564102564,
      0.4034871794871795
    ],
    [
      8,
      0.7564102564102564,
      0.3974615384615385
    ],
    [
      9,
      0.7564102564102564,
      0.3964102564102564
    ]
  ]
}