{"_timestamp":1.7603660656266866e+09,"_wandb":{"runtime":33},"_runtime":33.404027568,"_step":2,"best_fitness":0,"diversity":0.23842870731183455,"generation":2}