{"final_avg_fitness":0.40571794871794875,"top_sequences_count":0,"_step":0,"final_best_fitness":0.8461538461538461,"final_generation_found":11,"valid_sequences_found":0,"final_diversity":0.32512820512820895,"_wandb":{"runtime":18},"_runtime":18,"total_runtime_seconds":18.784478902816772,"_timestamp":1.7603421213519838e+09}