{"_step":69,"best_fitness":0.8974358974358975,"diversity":0.041335505817107925,"generation":69,"_timestamp":1.7603498564228716e+09,"_wandb":{"runtime":165},"_runtime":165.614968026}