{"_wandb":{"runtime":37},"_runtime":37.757463735,"best_fitness":0,"diversity":0.23612373795583497,"generation":5,"_timestamp":1.7603509995708604e+09,"_step":5}