{"diversity":0.7130459992269044,"generation":106,"_timestamp":1.7603712616784701e+09,"_step":106,"_wandb":{"runtime":184},"_runtime":184.363006391,"best_fitness":0.6282051282051282}