{"best_fitness":0.7051282051282052,"diversity":0.3283038166369883,"generation":1,"_timestamp":1.760376921206593e+09,"_wandb":{"runtime":127},"_runtime":127.687619078,"_step":1}