{
  "problem_id": "1.1",
  "best_fitness": 0.7692307692307693,
  "generation_found": 0,
  "avg_fitness_final": 0.3963974358974359,
  "avg_diversity_final": 0.32562030562030947,
  "total_time": 18.753626585006714,
  "top_sequences": [],
  "fitness_history": [
    [
      0,
      0.7692307692307693,
      0.3798717948717949
    ],
    [
      1,
      0.7692307692307693,
      0.3851282051282051
    ],
    [
      2,
      0.7692307692307693,
      0.38641025641025645
    ],
    [
      3,
      0.7692307692307693,
      0.38884615384615384
    ],
    [
      4,
      0.7692307692307693,
      0.3897435897435897
    ],
    [
      5,
      0.7692307692307693,
      0.38756410256410256
    ],
    [
      6,
      0.7692307692307693,
      0.37756410256410255
    ],
    [
      7,
      0.7692307692307693,
      0.38333333333333336
    ],
    [
      8,
      0.7692307692307693,
      0.40192307692307694
    ],
    [
      9,
      0.7692307692307693,
      0.38769230769230767
    ],
    [
      10,
      0.7692307692307693,
      0.3903846153846154
    ],
    [
      11,
      0.7692307692307693,
      0.3885897435897436
    ],
    [
      12,
      0.7692307692307693,
      0.4074358974358974
    ],
    [
      13,
      0.7692307692307693,
      0.40397435897435896
    ],
    [
      14,
      0.7692307692307693,
      0.40884615384615386
    ],
    [
      15,
      0.7692307692307693,
      0.39294871794871794
    ],
    [
      16,
      0.7692307692307693,
      0.3997435897435897
    ],
    [
      17,
      0.7692307692307693,
      0.3851282051282051
    ],
    [
      18,
      0.7692307692307693,
      0.3901282051282051
    ],
    [
      19,
      0.7692307692307693,
      0.39679487179487183
    ]
  ]
}