{"_step":99,"final_best_fitness":0.7538461538461538,"final_valid_solutions":0,"diversity":0.6112842237658295,"generation":99,"final_runtime_minutes":12.536002039909363,"success":0,"_wandb":{"runtime":752},"best_fitness":0.7025641025641025,"_timestamp":1.7603703642753985e+09,"_runtime":752,"early_terminated":false,"termination_reason":"max_generations"}