{
  "problem_id": "1.1",
  "best_fitness": 0.6666666666666666,
  "generation_found": 9,
  "avg_fitness_final": 0.3960897435897436,
  "avg_diversity_final": 0.325457135457138,
  "total_time": 19.404170751571655,
  "top_sequences": [],
  "fitness_history": [
    [
      0,
      0.5512820512820513,
      0.3608974358974359
    ],
    [
      1,
      0.5897435897435898,
      0.3944871794871795
    ],
    [
      2,
      0.5897435897435898,
      0.36294871794871797
    ],
    [
      3,
      0.6153846153846154,
      0.3896153846153846
    ],
    [
      4,
      0.6153846153846154,
      0.3898717948717949
    ],
    [
      5,
      0.6153846153846154,
      0.38717948717948714
    ],
    [
      6,
      0.6282051282051282,
      0.3965384615384615
    ],
    [
      7,
      0.6538461538461539,
      0.40102564102564103
    ],
    [
      8,
      0.6538461538461539,
      0.4008974358974359
    ],
    [
      9,
      0.6666666666666666,
      0.40487179487179487
    ],
    [
      10,
      0.6666666666666666,
      0.3948717948717949
    ],
    [
      11,
      0.6666666666666666,
      0.388974358974359
    ],
    [
      12,
      0.6666666666666666,
      0.38769230769230767
    ],
    [
      13,
      0.6666666666666666,
      0.3957692307692308
    ],
    [
      14,
      0.6666666666666666,
      0.3957692307692308
    ],
    [
      15,
      0.6666666666666666,
      0.3948717948717949
    ],
    [
      16,
      0.6666666666666666,
      0.4056410256410256
    ],
    [
      17,
      0.6666666666666666,
      0.40307692307692305
    ],
    [
      18,
      0.6666666666666666,
      0.4007692307692308
    ],
    [
      19,
      0.6666666666666666,
      0.3934615384615385
    ]
  ]
}