{
  "problem_id": "1.2",
  "best_fitness": 0.8974358974358975,
  "generation_found": 45,
  "avg_fitness_final": 0.6896623931623932,
  "avg_diversity_final": 0.19934682560100667,
  "total_time": 235.60461235046387,
  "top_sequences": [],
  "top_sequences_with_fitness": [],
  "fitness_history": [
    [
      0,
      0.6282051282051282,
      0.35636752136752137
    ],
    [
      1,
      0.6282051282051282,
      0.3933333333333333
    ],
    [
      2,
      0.6282051282051282,
      0.4120940170940171
    ],
    [
      3,
      0.6282051282051282,
      0.4335042735042735
    ],
    [
      4,
      0.6410256410256411,
      0.4483333333333333
    ],
    [
      5,
      0.6923076923076923,
      0.4732905982905983
    ],
    [
      6,
      0.6923076923076923,
      0.4902564102564102
    ],
    [
      7,
      0.6923076923076923,
      0.504059829059829
    ],
    [
      8,
      0.7307692307692307,
      0.5073504273504273
    ],
    [
      9,
      0.7692307692307693,
      0.5276068376068376
    ],
    [
      10,
      0.7692307692307693,
      0.5545299145299145
    ],
    [
      11,
      0.7692307692307693,
      0.5839743589743589
    ],
    [
      12,
      0.7692307692307693,
      0.6199145299145299
    ],
    [
      13,
      0.8333333333333334,
      0.6252991452991453
    ],
    [
      14,
      0.8333333333333334,
      0.6421794871794873
    ],
    [
      15,
      0.8333333333333334,
      0.6424358974358975
    ],
    [
      16,
      0.8589743589743589,
      0.6625213675213675
    ],
    [
      17,
      0.8589743589743589,
      0.6603418803418803
    ],
    [
      18,
      0.8589743589743589,
      0.6783760683760685
    ],
    [
      19,
      0.8846153846153846,
      0.6981623931623931
    ],
    [
      20,
      0.8846153846153846,
      0.705982905982906
    ],
    [
      21,
      0.8846153846153846,
      0.7088034188034188
    ],
    [
      22,
      0.8846153846153846,
      0.7314529914529915
    ],
    [
      23,
      0.8846153846153846,
      0.7462393162393162
    ],
    [
      24,
      0.8846153846153846,
      0.7637606837606838
    ],
    [
      25,
      0.8846153846153846,
      0.7645299145299146
    ],
    [
      26,
      0.8846153846153846,
      0.7621794871794872
    ],
    [
      27,
      0.8846153846153846,
      0.7545299145299146
    ],
    [
      28,
      0.8846153846153846,
      0.658034188034188
    ],
    [
      29,
      0.8846153846153846,
      0.6286324786324786
    ],
    [
      30,
      0.8846153846153846,
      0.6176923076923077
    ],
    [
      31,
      0.8846153846153846,
      0.59491452991453
    ],
    [
      32,
      0.8846153846153846,
      0.5629059829059829
    ],
    [
      33,
      0.8846153846153846,
      0.5623076923076923
    ],
    [
      34,
      0.8846153846153846,
      0.5508119658119658
    ],
    [
      35,
      0.8846153846153846,
      0.570982905982906
    ],
    [
      36,
      0.8846153846153846,
      0.6440170940170941
    ],
    [
      37,
      0.8846153846153846,
      0.7106410256410256
    ],
    [
      38,
      0.8846153846153846,
      0.7549572649572649
    ],
    [
      39,
      0.8846153846153846,
      0.7666239316239316
    ],
    [
      40,
      0.8846153846153846,
      0.7727350427350427
    ],
    [
      41,
      0.8846153846153846,
      0.7527350427350428
    ],
    [
      42,
      0.8846153846153846,
      0.7411965811965812
    ],
    [
      43,
      0.8846153846153846,
      0.6411111111111112
    ],
    [
      44,
      0.8846153846153846,
      0.6214529914529915
    ],
    [
      45,
      0.8974358974358975,
      0.6105555555555555
    ],
    [
      46,
      0.8974358974358975,
      0.6979914529914529
    ],
    [
      47,
      0.8974358974358975,
      0.7230341880341881
    ],
    [
      48,
      0.8974358974358975,
      0.7585470085470085
    ],
    [
      49,
      0.8974358974358975,
      0.7625641025641026
    ],
    [
      50,
      0.8974358974358975,
      0.757991452991453
    ],
    [
      51,
      0.8974358974358975,
      0.7599572649572649
    ],
    [
      52,
      0.8974358974358975,
      0.7506410256410256
    ],
    [
      53,
      0.8974358974358975,
      0.7286752136752136
    ],
    [
      54,
      0.8974358974358975,
      0.6391880341880342
    ],
    [
      55,
      0.8974358974358975,
      0.6095299145299146
    ],
    [
      56,
      0.8974358974358975,
      0.5975213675213675
    ],
    [
      57,
      0.8974358974358975,
      0.5661111111111111
    ],
    [
      58,
      0.8974358974358975,
      0.5715384615384616
    ],
    [
      59,
      0.8974358974358975,
      0.5718376068376068
    ],
    [
      60,
      0.8974358974358975,
      0.5573504273504274
    ],
    [
      61,
      0.8974358974358975,
      0.5739743589743589
    ],
    [
      62,
      0.8974358974358975,
      0.6360256410256411
    ],
    [
      63,
      0.8974358974358975,
      0.6863675213675213
    ],
    [
      64,
      0.8974358974358975,
      0.7243589743589745
    ],
    [
      65,
      0.8974358974358975,
      0.7417521367521367
    ],
    [
      66,
      0.8974358974358975,
      0.7572649572649572
    ],
    [
      67,
      0.8974358974358975,
      0.7495726495726496
    ],
    [
      68,
      0.8974358974358975,
      0.7388461538461538
    ],
    [
      69,
      0.8974358974358975,
      0.6691025641025641
    ],
    [
      70,
      0.8974358974358975,
      0.6355982905982906
    ],
    [
      71,
      0.8974358974358975,
      0.6031623931623932
    ],
    [
      72,
      0.8974358974358975,
      0.5828205128205128
    ],
    [
      73,
      0.8974358974358975,
      0.5641452991452992
    ],
    [
      74,
      0.8974358974358975,
      0.558931623931624
    ],
    [
      75,
      0.8974358974358975,
      0.5586324786324787
    ],
    [
      76,
      0.8974358974358975,
      0.5886752136752137
    ],
    [
      77,
      0.8974358974358975,
      0.640982905982906
    ],
    [
      78,
      0.8974358974358975,
      0.6845299145299145
    ],
    [
      79,
      0.8974358974358975,
      0.737008547008547
    ],
    [
      80,
      0.8974358974358975,
      0.7332478632478633
    ],
    [
      81,
      0.8974358974358975,
      0.747051282051282
    ],
    [
      82,
      0.8974358974358975,
      0.7535042735042735
    ],
    [
      83,
      0.8974358974358975,
      0.7560256410256411
    ],
    [
      84,
      0.8974358974358975,
      0.6635897435897435
    ],
    [
      85,
      0.8974358974358975,
      0.6151709401709401
    ],
    [
      86,
      0.8974358974358975,
      0.6141452991452991
    ],
    [
      87,
      0.8974358974358975,
      0.589957264957265
    ],
    [
      88,
      0.8974358974358975,
      0.5675213675213675
    ],
    [
      89,
      0.8974358974358975,
      0.5602136752136753
    ],
    [
      90,
      0.8974358974358975,
      0.5617521367521368
    ],
    [
      91,
      0.8974358974358975,
      0.5894871794871794
    ],
    [
      92,
      0.8974358974358975,
      0.6606837606837607
    ],
    [
      93,
      0.8974358974358975,
      0.7044444444444444
    ],
    [
      94,
      0.8974358974358975,
      0.7283760683760684
    ],
    [
      95,
      0.8974358974358975,
      0.7452136752136752
    ],
    [
      96,
      0.8974358974358975,
      0.7593589743589744
    ],
    [
      97,
      0.8974358974358975,
      0.7505128205128205
    ],
    [
      98,
      0.8974358974358975,
      0.7406837606837606
    ],
    [
      99,
      0.8974358974358975,
      0.6561111111111111
    ]
  ],
  "early_terminated": false,
  "termination_reason": null,
  "elite_percentage": 0.08,
  "elitism_count": 24
}