{
  "problem_id": "3.2",
  "best_fitness": 0.8205128205128205,
  "generation_found": 101,
  "avg_fitness_final": 0.6734051282051282,
  "avg_diversity_final": 0.27164942972300904,
  "total_time": 809.5587241649628,
  "top_sequences": [],
  "top_sequences_with_fitness": [],
  "fitness_history": [
    [
      0,
      0.5846153846153846,
      0.39716239316239316
    ],
    [
      1,
      0.6051282051282051,
      0.4130598290598291
    ],
    [
      2,
      0.6102564102564103,
      0.43104273504273505
    ],
    [
      3,
      0.6307692307692307,
      0.44678632478632474
    ],
    [
      4,
      0.6205128205128205,
      0.4541025641025641
    ],
    [
      5,
      0.6615384615384615,
      0.46969230769230774
    ],
    [
      6,
      0.6615384615384615,
      0.4736410256410256
    ],
    [
      7,
      0.6615384615384615,
      0.4867179487179487
    ],
    [
      8,
      0.6666666666666666,
      0.5016410256410256
    ],
    [
      9,
      0.7076923076923077,
      0.5233504273504274
    ],
    [
      10,
      0.7025641025641025,
      0.5322051282051282
    ],
    [
      11,
      0.7282051282051282,
      0.5424102564102564
    ],
    [
      12,
      0.7333333333333333,
      0.5477777777777778
    ],
    [
      13,
      0.717948717948718,
      0.5620512820512821
    ],
    [
      14,
      0.7282051282051282,
      0.5693162393162393
    ],
    [
      15,
      0.7282051282051282,
      0.5861880341880342
    ],
    [
      16,
      0.7333333333333333,
      0.5903247863247864
    ],
    [
      17,
      0.7333333333333333,
      0.6084273504273504
    ],
    [
      18,
      0.7333333333333333,
      0.6131965811965812
    ],
    [
      19,
      0.7589743589743589,
      0.5961880341880341
    ],
    [
      20,
      0.7589743589743589,
      0.6202393162393163
    ],
    [
      21,
      0.7538461538461538,
      0.6305982905982906
    ],
    [
      22,
      0.7538461538461538,
      0.6426324786324786
    ],
    [
      23,
      0.7538461538461538,
      0.6612991452991454
    ],
    [
      24,
      0.7589743589743589,
      0.6547863247863248
    ],
    [
      25,
      0.7692307692307693,
      0.6596752136752136
    ],
    [
      26,
      0.7692307692307693,
      0.6692478632478632
    ],
    [
      27,
      0.7743589743589744,
      0.6708376068376068
    ],
    [
      28,
      0.7743589743589744,
      0.680923076923077
    ],
    [
      29,
      0.7743589743589744,
      0.6934358974358975
    ],
    [
      30,
      0.7743589743589744,
      0.6338290598290598
    ],
    [
      31,
      0.7743589743589744,
      0.6513333333333333
    ],
    [
      32,
      0.7743589743589744,
      0.6568547008547009
    ],
    [
      33,
      0.7743589743589744,
      0.6804615384615385
    ],
    [
      34,
      0.7743589743589744,
      0.6991452991452992
    ],
    [
      35,
      0.7846153846153846,
      0.7054871794871795
    ],
    [
      36,
      0.7846153846153846,
      0.6427521367521368
    ],
    [
      37,
      0.7846153846153846,
      0.6612478632478633
    ],
    [
      38,
      0.7794871794871795,
      0.6825128205128205
    ],
    [
      39,
      0.7846153846153846,
      0.700957264957265
    ],
    [
      40,
      0.7846153846153846,
      0.7137948717948718
    ],
    [
      41,
      0.7897435897435897,
      0.6441709401709402
    ],
    [
      42,
      0.7897435897435897,
      0.6694017094017094
    ],
    [
      43,
      0.7897435897435897,
      0.6893675213675213
    ],
    [
      44,
      0.7897435897435897,
      0.7081538461538461
    ],
    [
      45,
      0.7897435897435897,
      0.7134188034188034
    ],
    [
      46,
      0.7948717948717948,
      0.7155726495726495
    ],
    [
      47,
      0.8051282051282052,
      0.7272478632478632
    ],
    [
      48,
      0.7948717948717948,
      0.6571794871794872
    ],
    [
      49,
      0.8,
      0.6877094017094016
    ],
    [
      50,
      0.8,
      0.6998290598290599
    ],
    [
      51,
      0.8,
      0.7136581196581196
    ],
    [
      52,
      0.7948717948717948,
      0.7175042735042735
    ],
    [
      53,
      0.8,
      0.724017094017094
    ],
    [
      54,
      0.7948717948717948,
      0.6116581196581197
    ],
    [
      55,
      0.8,
      0.6490598290598291
    ],
    [
      56,
      0.8,
      0.6798119658119658
    ],
    [
      57,
      0.8,
      0.7034188034188034
    ],
    [
      58,
      0.8,
      0.7186153846153845
    ],
    [
      59,
      0.8,
      0.7172478632478633
    ],
    [
      60,
      0.8102564102564103,
      0.7077094017094017
    ],
    [
      61,
      0.8,
      0.7148205128205127
    ],
    [
      62,
      0.8102564102564103,
      0.6546153846153846
    ],
    [
      63,
      0.8102564102564103,
      0.6859487179487179
    ],
    [
      64,
      0.8051282051282052,
      0.7107692307692307
    ],
    [
      65,
      0.8051282051282052,
      0.718119658119658
    ],
    [
      66,
      0.8051282051282052,
      0.7282564102564102
    ],
    [
      67,
      0.8051282051282052,
      0.677965811965812
    ],
    [
      68,
      0.8051282051282052,
      0.7112136752136752
    ],
    [
      69,
      0.8051282051282052,
      0.7354700854700854
    ],
    [
      70,
      0.8051282051282052,
      0.6972991452991453
    ],
    [
      71,
      0.8051282051282052,
      0.715863247863248
    ],
    [
      72,
      0.8051282051282052,
      0.7311623931623932
    ],
    [
      73,
      0.8051282051282052,
      0.7378974358974358
    ],
    [
      74,
      0.8051282051282052,
      0.687059829059829
    ],
    [
      75,
      0.8051282051282052,
      0.7114529914529915
    ],
    [
      76,
      0.8051282051282052,
      0.7110940170940171
    ],
    [
      77,
      0.8051282051282052,
      0.7371965811965812
    ],
    [
      78,
      0.8051282051282052,
      0.7373333333333333
    ],
    [
      79,
      0.8051282051282052,
      0.6773675213675214
    ],
    [
      80,
      0.8051282051282052,
      0.6952820512820512
    ],
    [
      81,
      0.8051282051282052,
      0.704991452991453
    ],
    [
      82,
      0.8051282051282052,
      0.7207521367521368
    ],
    [
      83,
      0.8051282051282052,
      0.7258290598290598
    ],
    [
      84,
      0.8051282051282052,
      0.7420854700854701
    ],
    [
      85,
      0.8051282051282052,
      0.6294017094017094
    ],
    [
      86,
      0.8051282051282052,
      0.6455726495726496
    ],
    [
      87,
      0.8051282051282052,
      0.685965811965812
    ],
    [
      88,
      0.8051282051282052,
      0.704051282051282
    ],
    [
      89,
      0.8051282051282052,
      0.7281367521367521
    ],
    [
      90,
      0.8051282051282052,
      0.7423247863247863
    ],
    [
      91,
      0.8051282051282052,
      0.7084102564102565
    ],
    [
      92,
      0.8051282051282052,
      0.692974358974359
    ],
    [
      93,
      0.8051282051282052,
      0.6829572649572649
    ],
    [
      94,
      0.8051282051282052,
      0.6674700854700855
    ],
    [
      95,
      0.8051282051282052,
      0.6270427350427351
    ],
    [
      96,
      0.8051282051282052,
      0.6533675213675213
    ],
    [
      97,
      0.8102564102564103,
      0.6784273504273504
    ],
    [
      98,
      0.8102564102564103,
      0.6857777777777777
    ],
    [
      99,
      0.8102564102564103,
      0.7085470085470086
    ],
    [
      100,
      0.8153846153846154,
      0.7077948717948718
    ],
    [
      101,
      0.8205128205128205,
      0.7249230769230769
    ],
    [
      102,
      0.8205128205128205,
      0.7256581196581197
    ],
    [
      103,
      0.8153846153846154,
      0.7208376068376069
    ],
    [
      104,
      0.8153846153846154,
      0.7285982905982906
    ],
    [
      105,
      0.8205128205128205,
      0.732051282051282
    ],
    [
      106,
