{
  "problem_id": "2.1",
  "best_fitness": 0.9587155963302753,
  "generation_found": 64,
  "avg_fitness_final": 0.7849097859327216,
  "avg_diversity_final": 0.17916019760056448,
  "total_time": 461.84500527381897,
  "top_sequences": [
    "UUAAUAGAUACAGCGCCCCUGCAGUAUACCCAAAUAGUUAUCCAGUAUUAAAAGUUAGAGUAGUUAAACUUUUAUAGAUAACGGUUUGGAUAUUGUGGACAAGGAGGAUAGUGAUCGCACCAGAUCGACGAAUGCUAUCCCGCAUGUGGCACAUGCGCCGGCUUAUUAAGAAGAGCAUUAAGGUAACUUAAUGUACGUGGUUAAUAAGAUCGCCAAAC",
    "UUAAUAGAUACAGCGCCCCUGCAGUAUACCCAAAUAGUUAUCCAGUAUUAAAAGUUAGAGUAGUUAAACUUUUAUAGAUAACGGUUUGGAUAUUGUGGACAAGGAGGAUAGUGAUCGCACCAGAUCGACGAAUGCUAUCCCGCAUGUGGCACAUGCGCCGGCUUAUUAAGAAGAGCAUUAAGGUAACUUAAUGUACGUGGUUAAUAAGAUCGCCAAAC",
    "UUAAUAGAUACAGCGCCCCUGCAGUAUACCCAAAUAGUUAUCCAGUAUUAAAAGUUAGAGUAGUUAAACUUUUAUAGAUAACGGUUUGGAUAUUGUGGACAAGGAGGAUAGUGAUCGCACCAGAUCGACGAAUGCUAUCCCGCAUGUGGCACAUGCGCCGGCUUAUUAAGAAGAGCAUUAAGGUAACUUAAUGUACGUGGUUAAUAAGAUCGCCAAAC",
    "UUAAUAGAUACAGCGCCCCUGCAGUAUACCCAAAUAGUUAUCCAGUAUUAAAAGUUAGAGUAGUUAAACUUUUAUAGAUAACGGUUUGGAUAUUGUGGACAAGGAGGAUAGUGAUCGCACCAGAUCGACGAAUGCUAUCCCGCAUGUGGCACAUGCGCCGGCUUAUUAAGAAGAGCAUUAAGGUAACUUAAUGUACGUGGUUAAUAAGAUCGCCAAAC",
    "UUAAUAGAUACAGCGCCCCUGCAGUAUACCCAAAUAGUUAUCCAGUAUUAAAAGUUAGAGUAGUUAAACUUUUAUAGAUAACGGUUUGGAUAUUGUGGACAAGGAGGAUAGUGAUCGCACCAGAUCGACGAAUGCUAUCCCGCAUGUGGCACAUGCGCCGGCUUAUUAAGAAGAGCAUUAAGGUAACUUAAUGUACGUGGUUAAUAAGAUCGCCAAAC"
  ],
  "fitness_history": [
    [
      0,
      0.6238532110091743,
      0.389434250764526
    ],
    [
      1,
      0.6238532110091743,
      0.399954128440367
    ],
    [
      2,
      0.6284403669724771,
      0.41073394495412846
    ],
    [
      3,
      0.6513761467889908,
      0.4218654434250764
    ],
    [
      4,
      0.6605504587155964,
      0.43110091743119267
    ],
    [
      5,
      0.6605504587155964,
      0.44120795107033645
    ],
    [
      6,
      0.6605504587155964,
      0.44990825688073394
    ],
    [
      7,
      0.7201834862385321,
      0.4593730886850153
    ],
    [
      8,
      0.7935779816513762,
      0.4689908256880734
    ],
    [
      9,
      0.7935779816513762,
      0.47735474006116213
    ],
    [
      10,
      0.7935779816513762,
      0.48516819571865444
    ],
    [
      11,
      0.7935779816513762,
      0.49400611620795104
    ],
    [
      12,
      0.8073394495412844,
      0.5003516819571865
    ],
    [
      13,
      0.8302752293577982,
      0.5083180428134557
    ],
    [
      14,
      0.8302752293577982,
      0.51651376146789
    ],
    [
      15,
      0.8302752293577982,
      0.5374464831804282
    ],
    [
      16,
      0.8853211009174312,
      0.5466207951070337
    ],
    [
      17,
      0.8853211009174312,
      0.5535168195718654
    ],
    [
      18,
      0.8853211009174312,
      0.5608103975535169
    ],
    [
      19,
      0.8853211009174312,
      0.5668501529051988
    ],
    [
      20,
      0.8853211009174312,
      0.5741437308868502
    ],
    [
      21,
      0.8899082568807339,
      0.5809174311926606
    ],
    [
      22,
      0.8899082568807339,
      0.5871406727828746
    ],
    [
      23,
      0.8899082568807339,
      0.593394495412844
    ],
    [
      24,
      0.8899082568807339,
      0.5997553516819571
    ],
    [
      25,
      0.8899082568807339,
      0.6064373088685016
    ],
    [
      26,
      0.908256880733945,
      0.612125382262997
    ],
    [
      27,
      0.908256880733945,
      0.6199388379204893
    ],
    [
      28,
      0.908256880733945,
      0.6262079510703364
    ],
    [
      29,
      0.908256880733945,
      0.6339449541284403
    ],
    [
      30,
      0.908256880733945,
      0.6355351681957186
    ],
    [
      31,
      0.908256880733945,
      0.6438073394495413
    ],
    [
      32,
      0.908256880733945,
      0.6479663608562691
    ],
    [
      33,
      0.9128440366972477,
      0.6527064220183486
    ],
    [
      34,
      0.9128440366972477,
      0.6563455657492355
    ],
    [
      35,
      0.9128440366972477,
      0.6633792048929663
    ],
    [
      36,
      0.9220183486238532,
      0.6674159021406728
    ],
    [
      37,
      0.9220183486238532,
      0.6702293577981652
    ],
    [
      38,
      0.9220183486238532,
      0.6762079510703365
    ],
    [
      39,
      0.9403669724770642,
      0.6802905198776759
    ],
    [
      40,
      0.9403669724770642,
      0.6844189602446483
    ],
    [
      41,
      0.9403669724770642,
      0.6875382262996942
    ],
    [
      42,
      0.9403669724770642,
      0.6911620795107034
    ],
    [
      43,
      0.9403669724770642,
      0.6956574923547401
    ],
    [
      44,
      0.9403669724770642,
      0.6996483180428135
    ],
    [
      45,
      0.9403669724770642,
      0.69065749235474
    ],
    [
      46,
      0.9403669724770642,
      0.6961620795107034
    ],
    [
      47,
      0.9403669724770642,
      0.7015443425076452
    ],
    [
      48,
      0.9403669724770642,
      0.7058868501529052
    ],
    [
      49,
      0.9495412844036697,
      0.7124617737003058
    ],
    [
      50,
      0.9495412844036697,
      0.7163149847094801
    ],
    [
      51,
      0.9495412844036697,
      0.7192660550458715
    ],
    [
      52,
      0.9495412844036697,
      0.7223241590214067
    ],
    [
      53,
      0.9495412844036697,
      0.725565749235474
    ],
    [
      54,
      0.9495412844036697,
      0.7289755351681958
    ],
    [
      55,
      0.9495412844036697,
      0.7317584097859328
    ],
    [
      56,
      0.9495412844036697,
      0.7342354740061162
    ],
    [
      57,
      0.9495412844036697,
      0.7377675840978594
    ],
    [
      58,
      0.9495412844036697,
      0.742125382262997
    ],
    [
      59,
      0.9495412844036697,
      0.7435626911314984
    ],
    [
      60,
      0.9495412844036697,
      0.7269418960244648
    ],
    [
      61,
      0.9495412844036697,
      0.7309633027522936
    ],
    [
      62,
      0.9495412844036697,
      0.7347553516819572
    ],
    [
      63,
      0.9495412844036697,
      0.7362232415902141
    ],
    [
      64,
      0.9587155963302753,
      0.7390825688073395
    ],
    [
      65,
      0.9587155963302753,
      0.7416207951070336
    ],
    [
      66,
      0.9587155963302753,
      0.7448318042813455
    ],
    [
      67,
      0.9587155963302753,
      0.7471406727828747
    ],
    [
      68,
      0.9587155963302753,
      0.7488990825688073
    ],
    [
      69,
      0.9587155963302753,
      0.7532568807339449
    ],
    [
      70,
      0.9587155963302753,
      0.7573088685015291
    ],
    [
      71,
      0.9587155963302753,
      0.7589908256880734
    ],
    [
      72,
      0.9587155963302753,
      0.7611773700305811
    ],
    [
      73,
      0.9587155963302753,
      0.7634862385321102
    ],
    [
      74,
      0.9587155963302753,
      0.7669724770642202
    ],
    [
      75,
      0.9587155963302753,
      0.7698929663608564
    ],
    [
      76,
      0.9587155963302753,
      0.7713914373088685
    ],
    [
      77,
      0.9587155963302753,
      0.7725840978593272
    ],
    [
      78,
      0.9587155963302753,
      0.7753058103975535
    ],
    [
      79,
      0.9587155963302753,
      0.7765290519877676
    ],
    [
      80,
      0.9587155963302753,
      0.7793730886850153
    ],
    [
      81,
      0.9587155963302753,
      0.7807033639143731
    ],
    [
      82,
      0.9587155963302753,
      0.7827981651376147
    ],
    [
      83,
      0.9587155963302753,
      0.7848318042813456
    ],
    [
      84,
      0.9587155963302753,
      0.7863149847094801
    ],
    [
      85,
      0.9587155963302753,
      0.7880122324159021
    ],
    [
      86,
      0.9587155963302753,
      0.7883792048929663
    ],
    [
      87,
      0.9587155963302753,
      0.7899541284403669
    ],
    [
      88,
      0.9587155963302753,
      0.7922018348623853
    ]
  ]
}