{"_wandb":{"runtime":0},"max_fitness_achieved":0.9487179487179487,"_timestamp":1.7603672906801827e+09,"experiment_name":"odin_pop_300_gen_100_mut_020","_runtime":0,"problems_solved":1,"success_rate":1,"total_runtime_minutes":3.950684360663096,"avg_best_fitness":0.9487179487179487,"_step":0,"device":"odin"}