{
  "problem_id": "1.1",
  "best_fitness": 0.6923076923076923,
  "generation_found": 11,
  "avg_fitness_final": 0.4004102564102564,
  "avg_diversity_final": 0.32487697487697925,
  "total_time": 20.900827169418335,
  "top_sequences": [],
  "fitness_history": [
    [
      0,
      0.5769230769230769,
      0.36564102564102563
    ],
    [
      1,
      0.5769230769230769,
      0.37141025641025643
    ],
    [
      2,
      0.5897435897435898,
      0.4023076923076923
    ],
    [
      3,
      0.6410256410256411,
      0.3994871794871795
    ],
    [
      4,
      0.6410256410256411,
      0.4001282051282051
    ],
    [
      5,
      0.6410256410256411,
      0.38064102564102564
    ],
    [
      6,
      0.6410256410256411,
      0.4002564102564103
    ],
    [
      7,
      0.6410256410256411,
      0.4047435897435897
    ],
    [
      8,
      0.6410256410256411,
      0.39615384615384613
    ],
    [
      9,
      0.6410256410256411,
      0.40423076923076917
    ],
    [
      10,
      0.6410256410256411,
      0.39743589743589747
    ],
    [
      11,
      0.6923076923076923,
      0.39820512820512816
    ],
    [
      12,
      0.6923076923076923,
      0.4064102564102564
    ],
    [
      13,
      0.6923076923076923,
      0.40102564102564103
    ],
    [
      14,
      0.6923076923076923,
      0.4034615384615385
    ],
    [
      15,
      0.6923076923076923,
      0.4044871794871795
    ],
    [
      16,
      0.6923076923076923,
      0.3941025641025641
    ],
    [
      17,
      0.6923076923076923,
      0.39282051282051283
    ],
    [
      18,
      0.6923076923076923,
      0.39743589743589747
    ],
    [
      19,
      0.6923076923076923,
      0.4087179487179487
    ]
  ]
}