{
  "problem_id": "1.1",
  "best_fitness": 0.7307692307692307,
  "generation_found": 7,
  "avg_fitness_final": 0.390625641025641,
  "avg_diversity_final": 0.3291051564381687,
  "total_time": 84.54284501075745,
  "top_sequences": [],
  "fitness_history": [
    [
      0,
      0.6666666666666666,
      0.3650769230769231
    ],
    [
      1,
      0.6794871794871795,
      0.38805128205128203
    ],
    [
      2,
      0.6923076923076923,
      0.38782051282051283
    ],
    [
      3,
      0.6923076923076923,
      0.3952051282051282
    ],
    [
      4,
      0.6923076923076923,
      0.39293589743589746
    ],
    [
      5,
      0.6923076923076923,
      0.39343589743589746
    ],
    [
      6,
      0.6923076923076923,
      0.3928974358974359
    ],
    [
      7,
      0.7307692307692307,
      0.3936923076923077
    ],
    [
      8,
      0.7307692307692307,
      0.39592307692307693
    ],
    [
      9,
      0.7307692307692307,
      0.40121794871794875
    ]
  ]
}