{"generation":67,"_wandb":{"runtime":1299},"_runtime":1299.08359747,"_timestamp":1.760376533409048e+09,"_step":67,"best_fitness":0.8717948717948718,"diversity":0.455776373259342}