{"diversity":0.2114449875653894,"generation":60,"_wandb":{"runtime":139},"_runtime":139.84274811,"_timestamp":1.7603678492984254e+09,"_step":60,"best_fitness":0.9615384615384616}