{
  "problem_id": "1.1",
  "best_fitness": 1.0,
  "generation_found": 51,
  "avg_fitness_final": 0.641931623931624,
  "avg_diversity_final": 0.3101783723522844,
  "total_time": 178.93195414543152,
  "top_sequences": [
    "GAACUAUAGUUCCGCUCCUCCAGCUCAAGGAGGUCAAUUCGAUACGUCCCCAAGCUCUCCCGUGGGACAACGGGAACC",
    "GAACUAUAGUUCCGCUCCUCCAGCUCAAGGAGGUCAAUUCGAUACGUCCCCAAGCUCUCCCGUGGGACAACGGGAACC",
    "GAACUAUAGUUCCGCUCCUCCAGCUCAAGGAGGUCAAUUCGAUACGUCCCCAAGCUCUCCCGUGGGACAACGGGAACC",
    "GAACUAUAGUUCCGCUCCUCCAGCUCAAGGAGGUCAAUUCGAUACGUCCCCAAGCUCUCCCGUGGGACAACGGGAACC",
    "GAACUAUAGUUCCGCUCCUCCAGCUCAAGGAGGUCAAUUCGAUACGUCCCCAAGCUCUCCCGUGGGACAACGGGAACC"
  ],
  "fitness_history": [
    [
      0,
      0.6410256410256411,
      0.37008547008547005
    ],
    [
      1,
      0.6794871794871795,
      0.3823931623931624
    ],
    [
      2,
      0.7051282051282052,
      0.3968376068376069
    ],
    [
      3,
      0.7051282051282052,
      0.41034188034188035
    ],
    [
      4,
      0.7564102564102564,
      0.419059829059829
    ],
    [
      5,
      0.7564102564102564,
      0.4264529914529914
    ],
    [
      6,
      0.7692307692307693,
      0.43286324786324787
    ],
    [
      7,
      0.7692307692307693,
      0.43961538461538463
    ],
    [
      8,
      0.7948717948717948,
      0.4487606837606838
    ],
    [
      9,
      0.7948717948717948,
      0.45521367521367523
    ],
    [
      10,
      0.7948717948717948,
      0.45961538461538465
    ],
    [
      11,
      0.7948717948717948,
      0.46662393162393156
    ],
    [
      12,
      0.7948717948717948,
      0.47264957264957264
    ],
    [
      13,
      0.7948717948717948,
      0.47739316239316243
    ],
    [
      14,
      0.7948717948717948,
      0.48299145299145296
    ],
    [
      15,
      0.8333333333333334,
      0.5064529914529914
    ],
    [
      16,
      0.8461538461538461,
      0.5110256410256411
    ],
    [
      17,
      0.8461538461538461,
      0.5154273504273504
    ],
    [
      18,
      0.8461538461538461,
      0.518931623931624
    ],
    [
      19,
      0.8461538461538461,
      0.5223931623931625
    ],
    [
      20,
      0.8589743589743589,
      0.5252991452991453
    ],
    [
      21,
      0.8589743589743589,
      0.5297008547008547
    ],
    [
      22,
      0.8589743589743589,
      0.5337606837606838
    ],
    [
      23,
      0.8589743589743589,
      0.5386324786324787
    ],
    [
      24,
      0.8717948717948718,
      0.5414957264957265
    ],
    [
      25,
      0.8717948717948718,
      0.5452564102564103
    ],
    [
      26,
      0.8717948717948718,
      0.5501282051282051
    ],
    [
      27,
      0.8717948717948718,
      0.5533760683760685
    ],
    [
      28,
      0.8717948717948718,
      0.5547863247863247
    ],
    [
      29,
      0.8717948717948718,
      0.5576068376068376
    ],
    [
      30,
      0.8717948717948718,
      0.5604700854700855
    ],
    [
      31,
      0.8717948717948718,
      0.5621367521367521
    ],
    [
      32,
      0.8717948717948718,
      0.5642735042735042
    ],
    [
      33,
      0.8717948717948718,
      0.5720512820512821
    ],
    [
      34,
      0.8717948717948718,
      0.5737606837606838
    ],
    [
      35,
      0.8717948717948718,
      0.5770512820512821
    ],
    [
      36,
      0.8717948717948718,
      0.5805555555555555
    ],
    [
      37,
      0.8717948717948718,
      0.5823504273504273
    ],
    [
      38,
      0.8717948717948718,
      0.5843162393162393
    ],
    [
      39,
      0.8717948717948718,
      0.5851282051282052
    ],
    [
      40,
      0.8717948717948718,
      0.5882051282051282
    ],
    [
      41,
      0.9102564102564102,
      0.5911538461538461
    ],
    [
      42,
      0.9102564102564102,
      0.5935042735042735
    ],
    [
      43,
      0.9102564102564102,
      0.5964529914529915
    ],
    [
      44,
      0.9102564102564102,
      0.5985042735042735
    ],
    [
      45,
      0.9102564102564102,
      0.6001282051282052
    ],
    [
      46,
      0.9102564102564102,
      0.6025213675213675
    ],
    [
      47,
      0.9230769230769231,
      0.6039743589743589
    ],
    [
      48,
      0.9230769230769231,
      0.6061965811965813
    ],
    [
      49,
      0.9230769230769231,
      0.6018803418803419
    ],
    [
      50,
      0.9230769230769231,
      0.6034615384615385
    ],
    [
      51,
      1.0,
      0.6053418803418804
    ],
    [
      52,
      1.0,
      0.6075213675213675
    ],
    [
      53,
      1.0,
      0.61
    ],
    [
      54,
      1.0,
      0.6115384615384615
    ],
    [
      55,
      1.0,
      0.6135042735042735
    ],
    [
      56,
      1.0,
      0.6158119658119658
    ],
    [
      57,
      1.0,
      0.6174786324786325
    ],
    [
      58,
      1.0,
      0.6188461538461538
    ],
    [
      59,
      1.0,
      0.6208547008547008
    ],
    [
      60,
      1.0,
      0.6211538461538462
    ],
    [
      61,
      1.0,
      0.6227350427350428
    ],
    [
      62,
      1.0,
      0.6246153846153846
    ],
    [
      63,
      1.0,
      0.625982905982906
    ],
    [
      64,
      1.0,
      0.6282051282051282
    ],
    [
      65,
      1.0,
      0.6296581196581197
    ],
    [
      66,
      1.0,
      0.632948717948718
    ],
    [
      67,
      1.0,
      0.6342307692307693
    ],
    [
      68,
      1.0,
      0.6370940170940171
    ],
    [
      69,
      1.0,
      0.6391880341880342
    ],
    [
      70,
      1.0,
      0.6408119658119659
    ],
    [
      71,
      1.0,
      0.6429059829059829
    ],
    [
      72,
      1.0,
      0.6459401709401709
    ],
    [
      73,
      1.0,
      0.6476495726495727
    ],
    [
      74,
      1.0,
      0.6486324786324786
    ],
    [
      75,
      1.0,
      0.6499145299145299
    ]
  ]
}