{
  "problem_id": "1.1",
  "best_fitness": 1.0,
  "generation_found": 93,
  "avg_fitness_final": 0.6681923076923078,
  "avg_diversity_final": 0.3044588326246609,
  "total_time": 771.6925072669983,
  "top_sequences": [
    "GAACUUCCGUUCGGAUCCUCUAGCACCCAGAGGCCAAUUCUAUACGACCCUCACCUCUCGCGUGGGUCAACGCGACCU",
    "GAACUACCGUUCGGAUCCUCCAGCUCCCGGAGGCCUAUGCUAUACGACCCCAUCCUCUCGCGUGGGUCAACGCGACCG",
    "GAACUUCCGUUCGGAUCCUCUAGCACCCAGAGGCCAAUUCUAUACGACCCUCACCUCUCGCGUGGGUCAACGCGACCU",
    "GAACUACCGUUCGGAUCCUCCAGCUCCCGGAGGCCUAUGCUAUACGACCCCAUCCUCUCGCGUGGGUCAACGCGACCG",
    "GAACUUCCGUUCGGAUCCUCUAGCACCCAGAGGCCAAUUCUAUACGACCCUCACCUCUCGCGUGGGUCAACGCGACCU"
  ],
  "fitness_history": [
    [
      0,
      0.5897435897435898,
      0.35884615384615387
    ],
    [
      1,
      0.6923076923076923,
      0.3748717948717949
    ],
    [
      2,
      0.7051282051282052,
      0.38596153846153847
    ],
    [
      3,
      0.7051282051282052,
      0.3944871794871795
    ],
    [
      4,
      0.7051282051282052,
      0.4053846153846154
    ],
    [
      5,
      0.7051282051282052,
      0.4167307692307692
    ],
    [
      6,
      0.7435897435897436,
      0.42294871794871797
    ],
    [
      7,
      0.7435897435897436,
      0.43
    ],
    [
      8,
      0.7435897435897436,
      0.43814102564102564
    ],
    [
      9,
      0.7435897435897436,
      0.44608974358974357
    ],
    [
      10,
      0.7692307692307693,
      0.4530128205128205
    ],
    [
      11,
      0.7692307692307693,
      0.46057692307692305
    ],
    [
      12,
      0.8333333333333334,
      0.46724358974358976
    ],
    [
      13,
      0.8333333333333334,
      0.4727564102564103
    ],
    [
      14,
      0.8333333333333334,
      0.4783974358974359
    ],
    [
      15,
      0.8333333333333334,
      0.502948717948718
    ],
    [
      16,
      0.8333333333333334,
      0.5077564102564103
    ],
    [
      17,
      0.8333333333333334,
      0.5126282051282051
    ],
    [
      18,
      0.8333333333333334,
      0.5166666666666666
    ],
    [
      19,
      0.8333333333333334,
      0.520576923076923
    ],
    [
      20,
      0.8333333333333334,
      0.5232051282051282
    ],
    [
      21,
      0.8333333333333334,
      0.5282692307692308
    ],
    [
      22,
      0.8333333333333334,
      0.531025641025641
    ],
    [
      23,
      0.8333333333333334,
      0.5367307692307692
    ],
    [
      24,
      0.8333333333333334,
      0.5400641025641025
    ],
    [
      25,
      0.8333333333333334,
      0.543076923076923
    ],
    [
      26,
      0.8461538461538461,
      0.5488461538461539
    ],
    [
      27,
      0.8461538461538461,
      0.5538461538461539
    ],
    [
      28,
      0.8717948717948718,
      0.5573076923076923
    ],
    [
      29,
      0.8717948717948718,
      0.561025641025641
    ],
    [
      30,
      0.8717948717948718,
      0.5628205128205128
    ],
    [
      31,
      0.8717948717948718,
      0.5651923076923077
    ],
    [
      32,
      0.8717948717948718,
      0.5693589743589744
    ],
    [
      33,
      0.8717948717948718,
      0.5717948717948719
    ],
    [
      34,
      0.8717948717948718,
      0.5748076923076924
    ],
    [
      35,
      0.8717948717948718,
      0.5769871794871795
    ],
    [
      36,
      0.8717948717948718,
      0.5812820512820513
    ],
    [
      37,
      0.8717948717948718,
      0.5823076923076923
    ],
    [
      38,
      0.8717948717948718,
      0.5842307692307692
    ],
    [
      39,
      0.8717948717948718,
      0.5850641025641026
    ],
    [
      40,
      0.8717948717948718,
      0.5860897435897435
    ],
    [
      41,
      0.8717948717948718,
      0.5890384615384615
    ],
    [
      42,
      0.8717948717948718,
      0.5911538461538461
    ],
    [
      43,
      0.8717948717948718,
      0.592051282051282
    ],
    [
      44,
      0.8717948717948718,
      0.5928846153846155
    ],
    [
      45,
      0.8717948717948718,
      0.5934615384615385
    ],
    [
      46,
      0.8717948717948718,
      0.5958333333333333
    ],
    [
      47,
      0.8717948717948718,
      0.5982692307692308
    ],
    [
      48,
      0.8974358974358975,
      0.6002564102564103
    ],
    [
      49,
      0.8974358974358975,
      0.6026282051282051
    ],
    [
      50,
      0.8974358974358975,
      0.6053205128205128
    ],
    [
      51,
      0.8974358974358975,
      0.6078846153846154
    ],
    [
      52,
      0.8974358974358975,
      0.6094871794871795
    ],
    [
      53,
      0.8974358974358975,
      0.610897435897436
    ],
    [
      54,
      0.8974358974358975,
      0.606474358974359
    ],
    [
      55,
      0.8974358974358975,
      0.608525641025641
    ],
    [
      56,
      0.8974358974358975,
      0.6107051282051281
    ],
    [
      57,
      0.8974358974358975,
      0.6125
    ],
    [
      58,
      0.8974358974358975,
      0.6160897435897436
    ],
    [
      59,
      0.8974358974358975,
      0.6180769230769231
    ],
    [
      60,
      0.8974358974358975,
      0.6203205128205128
    ],
    [
      61,
      0.8974358974358975,
      0.621474358974359
    ],
    [
      62,
      0.8974358974358975,
      0.6219230769230769
    ],
    [
      63,
      0.8974358974358975,
      0.6245512820512821
    ],
    [
      64,
      0.8974358974358975,
      0.6244871794871795
    ],
    [
      65,
      0.8974358974358975,
      0.625576923076923
    ],
    [
      66,
      0.8974358974358975,
      0.6261538461538462
    ],
    [
      67,
      0.9230769230769231,
      0.6276923076923077
    ],
    [
      68,
      0.9230769230769231,
      0.6305128205128205
    ],
    [
      69,
      0.9230769230769231,
      0.6313461538461539
    ],
    [
      70,
      0.9230769230769231,
      0.6319230769230769
    ],
    [
      71,
      0.9230769230769231,
      0.6337820512820513
    ],
    [
      72,
      0.9743589743589743,
      0.6348076923076923
    ],
    [
      73,
      0.9743589743589743,
      0.637948717948718
    ],
    [
      74,
      0.9743589743589743,
      0.6395512820512821
    ],
    [
      75,
      0.9743589743589743,
      0.6412820512820513
    ],
    [
      76,
      0.9743589743589743,
      0.6428846153846153
    ],
    [
      77,
      0.9743589743589743,
      0.6456410256410257
    ],
    [
      78,
      0.9743589743589743,
      0.6471153846153846
    ],
    [
      79,
      0.9743589743589743,
      0.6485897435897436
    ],
    [
      80,
      0.9743589743589743,
      0.6511538461538461
    ],
    [
      81,
      0.9743589743589743,
      0.6528846153846153
    ],
    [
      82,
      0.9743589743589743,
      0.6546794871794872
    ],
    [
      83,
      0.9743589743589743,
      0.657948717948718
    ],
    [
      84,
      0.9743589743589743,
      0.6594230769230769
    ],
    [
      85,
      0.9743589743589743,
      0.6605128205128206
    ],
    [
      86,
      0.9743589743589743,
      0.661923076923077
    ],
    [
      87,
      0.9743589743589743,
      0.6635897435897437
    ],
    [
      88,
      0.9743589743589743,
      0.6644230769230769
    ],
    [
      89,
      0.9743589743589743,
      0.6648076923076922
    ],
    [
      90,
      0.9743589743589743,
      0.6651923076923077
    ],
    [
      91,
      0.9743589743589743,
      0.6660897435897436
    ],
    [
      92,
      0.9743589743589743,
      0.6674358974358974
    ],
    [
      93,
      1.0,
      0.67
    ],
    [
      94,
      1.0,
      0.6716025641025641
    ],
    [
      95,
      1.0,
      0.6734615384615384
    ],
    [
      96,
      1.0,
      0.6753205128205129
    ]
  ]
}