{"diversity":0.749999142440614,"generation":39,"_timestamp":1.7603667817072098e+09,"_step":39,"_wandb":{"runtime":108},"_runtime":108.089748463,"best_fitness":0.5897435897435898}