{"_step":2,"_wandb":{"runtime":30},"_runtime":30.384859109,"best_fitness":0.8461538461538461,"diversity":0.308840558507238,"generation":2,"_timestamp":1.7603643143475266e+09}