{"generation":61,"_timestamp":1.760361313075647e+09,"_step":61,"best_fitness":0,"_wandb":{"runtime":597},"_runtime":597.031571772,"diversity":0.2306461906661347}