{
  "problem_id": "3.2",
  "best_fitness": 0.841025641025641,
  "generation_found": 78,
  "avg_fitness_final": 0.6197965811965812,
  "avg_diversity_final": 0.7000826687248108,
  "total_time": 730.314370393753,
  "top_sequences": [],
  "fitness_history": [
    [
      0,
      0.5743589743589743,
      0.3957606837606838
    ],
    [
      1,
      0.6564102564102564,
      0.40779487179487184
    ],
    [
      2,
      0.6564102564102564,
      0.4167863247863248
    ],
    [
      3,
      0.6564102564102564,
      0.42350427350427355
    ],
    [
      4,
      0.6564102564102564,
      0.4298974358974359
    ],
    [
      5,
      0.6564102564102564,
      0.43798290598290596
    ],
    [
      6,
      0.6564102564102564,
      0.4450769230769231
    ],
    [
      7,
      0.6564102564102564,
      0.4493846153846153
    ],
    [
      8,
      0.6564102564102564,
      0.4542905982905983
    ],
    [
      9,
      0.6564102564102564,
      0.4586153846153846
    ],
    [
      10,
      0.6564102564102564,
      0.4636239316239317
    ],
    [
      11,
      0.6564102564102564,
      0.46818803418803423
    ],
    [
      12,
      0.6564102564102564,
      0.4874700854700854
    ],
    [
      13,
      0.6615384615384615,
      0.4894700854700855
    ],
    [
      14,
      0.6615384615384615,
      0.49411965811965813
    ],
    [
      15,
      0.6615384615384615,
      0.4966153846153846
    ],
    [
      16,
      0.6615384615384615,
      0.4996923076923077
    ],
    [
      17,
      0.6666666666666666,
      0.502
    ],
    [
      18,
      0.6717948717948717,
      0.5043247863247863
    ],
    [
      19,
      0.6717948717948717,
      0.5061367521367521
    ],
    [
      20,
      0.6871794871794872,
      0.5088717948717949
    ],
    [
      21,
      0.6871794871794872,
      0.5102393162393163
    ],
    [
      22,
      0.6871794871794872,
      0.5128717948717949
    ],
    [
      23,
      0.7025641025641025,
      0.5150427350427351
    ],
    [
      24,
      0.7128205128205128,
      0.5165299145299145
    ],
    [
      25,
      0.7128205128205128,
      0.5182393162393163
    ],
    [
      26,
      0.764102564102564,
      0.5197435897435898
    ],
    [
      27,
      0.764102564102564,
      0.521008547008547
    ],
    [
      28,
      0.764102564102564,
      0.5244273504273504
    ],
    [
      29,
      0.764102564102564,
      0.5256410256410255
    ],
    [
      30,
      0.764102564102564,
      0.5284786324786325
    ],
    [
      31,
      0.764102564102564,
      0.5303247863247863
    ],
    [
      32,
      0.764102564102564,
      0.532991452991453
    ],
    [
      33,
      0.764102564102564,
      0.5339658119658119
    ],
    [
      34,
      0.764102564102564,
      0.5353675213675213
    ],
    [
      35,
      0.764102564102564,
      0.5368376068376068
    ],
    [
      36,
      0.764102564102564,
      0.5386837606837607
    ],
    [
      37,
      0.764102564102564,
      0.5404102564102564
    ],
    [
      38,
      0.764102564102564,
      0.5378461538461539
    ],
    [
      39,
      0.764102564102564,
      0.539076923076923
    ],
    [
      40,
      0.764102564102564,
      0.5405470085470085
    ],
    [
      41,
      0.764102564102564,
      0.5427350427350427
    ],
    [
      42,
      0.764102564102564,
      0.5448205128205128
    ],
    [
      43,
      0.764102564102564,
      0.5466324786324787
    ],
    [
      44,
      0.764102564102564,
      0.5483076923076923
    ],
    [
      45,
      0.7846153846153846,
      0.5494188034188034
    ],
    [
      46,
      0.7846153846153846,
      0.5508547008547008
    ],
    [
      47,
      0.7846153846153846,
      0.5525811965811965
    ],
    [
      48,
      0.7846153846153846,
      0.5545128205128205
    ],
    [
      49,
      0.7846153846153846,
      0.5565982905982907
    ],
    [
      50,
      0.7846153846153846,
      0.5577264957264958
    ],
    [
      51,
      0.7846153846153846,
      0.5607008547008547
    ],
    [
      52,
      0.7846153846153846,
      0.5617094017094018
    ],
    [
      53,
      0.7846153846153846,
      0.5637606837606838
    ],
    [
      54,
      0.7846153846153846,
      0.5654700854700855
    ],
    [
      55,
      0.7846153846153846,
      0.5662905982905982
    ],
    [
      56,
      0.7846153846153846,
      0.563042735042735
    ],
    [
      57,
      0.7846153846153846,
      0.5647521367521368
    ],
    [
      58,
      0.7846153846153846,
      0.5676581196581196
    ],
    [
      59,
      0.7846153846153846,
      0.5698461538461538
    ],
    [
      60,
      0.7846153846153846,
      0.5718461538461539
    ],
    [
      61,
      0.7846153846153846,
      0.5738974358974359
    ],
    [
      62,
      0.7846153846153846,
      0.5754529914529914
    ],
    [
      63,
      0.7846153846153846,
      0.577025641025641
    ],
    [
      64,
      0.7846153846153846,
      0.5786324786324787
    ],
    [
      65,
      0.7846153846153846,
      0.5795213675213675
    ],
    [
      66,
      0.7846153846153846,
      0.5764273504273504
    ],
    [
      67,
      0.8051282051282052,
      0.5782222222222222
    ],
    [
      68,
      0.8051282051282052,
      0.5825982905982906
    ],
    [
      69,
      0.8051282051282052,
      0.5848376068376069
    ],
    [
      70,
      0.8051282051282052,
      0.5867863247863248
    ],
    [
      71,
      0.8205128205128205,
      0.5885299145299145
    ],
    [
      72,
      0.8205128205128205,
      0.5901367521367521
    ],
    [
      73,
      0.8205128205128205,
      0.5917606837606837
    ],
    [
      74,
      0.8205128205128205,
      0.594017094017094
    ],
    [
      75,
      0.8205128205128205,
      0.5958803418803419
    ],
    [
      76,
      0.8307692307692308,
      0.5985299145299146
    ],
    [
      77,
      0.8307692307692308,
      0.6005128205128205
    ],
    [
      78,
      0.841025641025641,
      0.6028717948717949
    ],
    [
      79,
      0.841025641025641,
      0.6043931623931624
    ],
    [
      80,
      0.841025641025641,
      0.6065128205128205
    ],
    [
      81,
      0.841025641025641,
      0.6002051282051282
    ],
    [
      82,
      0.841025641025641,
      0.6014529914529915
    ],
    [
      83,
      0.841025641025641,
      0.6032991452991453
    ],
    [
      84,
      0.841025641025641,
      0.6043931623931624
    ],
    [
      85,
      0.841025641025641,
      0.6056239316239317
    ],
    [
      86,
      0.841025641025641,
      0.6075897435897436
    ],
    [
      87,
      0.841025641025641,
      0.608957264957265
    ],
    [
      88,
      0.841025641025641,
      0.6099316239316239
    ],
    [
      89,
      0.841025641025641,
      0.6116581196581197
    ],
    [
      90,
      0.841025641025641,
      0.6146837606837606
    ],
    [
      91,
      0.841025641025641,
      0.6125299145299146
    ],
    [
      92,
      0.841025641025641,
      0.6142051282051282
    ],
    [
      93,
      0.841025641025641,
      0.6165641025641025
    ],
    [
      94,
      0.841025641025641,
      0.6201025641025641
    ],
    [
      95,
      0.841025641025641,
      0.6204957264957265
    ],
    [
      96,
      0.841025641025641,
      0.6220683760683761
    ],
    [
      97,
      0.841025641025641,
      0.6235726495726496
    ],
    [
      98,
      0.841025641025641,
      0.6258632478632479
    ],
    [
      99,
      0.841025641025641,
      0.6278803418803418
    ]
  ]
}