{"total_runtime_seconds":18.494971990585327,"final_best_fitness":0.6666666666666666,"_step":0,"final_generation_found":12,"final_avg_fitness":0.39926923076923077,"_runtime":18,"final_diversity":0.31818440818441157,"top_sequences_count":0,"_wandb":{"runtime":18},"valid_sequences_found":0,"_timestamp":1.7603422226160402e+09}