{"_step":99,"final_runtime_minutes":9.667138202985127,"success":0,"_timestamp":1.7603684378785884e+09,"final_best_fitness":0.8769230769230769,"final_valid_solutions":0,"best_fitness":0.8769230769230769,"early_terminated":false,"generation":99,"_wandb":{"runtime":580},"termination_reason":"max_generations","diversity":0.2050998484978427,"_runtime":580}