{
  "problem_id": "1.1",
  "best_fitness": 0.7435897435897436,
  "generation_found": 5,
  "avg_fitness_final": 0.39308717948717947,
  "avg_diversity_final": 0.32828672730093345,
  "total_time": 42.323691606521606,
  "top_sequences": [],
  "fitness_history": [
    [
      0,
      0.717948717948718,
      0.3635897435897436
    ],
    [
      1,
      0.717948717948718,
      0.38674358974358974
    ],
    [
      2,
      0.717948717948718,
      0.39164102564102565
    ],
    [
      3,
      0.717948717948718,
      0.39384615384615385
    ],
    [
      4,
      0.717948717948718,
      0.39374358974358975
    ],
    [
      5,
      0.7435897435897436,
      0.39784615384615385
    ],
    [
      6,
      0.7435897435897436,
      0.4044871794871795
    ],
    [
      7,
      0.7435897435897436,
      0.39887179487179486
    ],
    [
      8,
      0.7435897435897436,
      0.40115384615384614
    ],
    [
      9,
      0.7435897435897436,
      0.39894871794871795
    ]
  ]
}