{"diversity":0.23135148218154888,"generation":16,"_timestamp":1.7603506768755052e+09,"_wandb":{"runtime":119},"_runtime":119.360105451,"_step":16,"best_fitness":0}