{"_runtime":50.00278368,"best_fitness":0,"diversity":0.23475635056014021,"generation":6,"_timestamp":1.7603508483182034e+09,"_step":6,"_wandb":{"runtime":50}}