{
  "problem_id": "1.2",
  "best_fitness": 0.8589743589743589,
  "generation_found": 59,
  "avg_fitness_final": 0.5731153846153847,
  "avg_diversity_final": 0.74220335591573,
  "total_time": 250.76118206977844,
  "top_sequences": [],
  "fitness_history": [
    [
      0,
      0.5641025641025641,
      0.3573076923076923
    ],
    [
      1,
      0.5897435897435898,
      0.3701709401709402
    ],
    [
      2,
      0.6538461538461539,
      0.38175213675213676
    ],
    [
      3,
      0.6538461538461539,
      0.3885042735042735
    ],
    [
      4,
      0.6666666666666666,
      0.3943162393162393
    ],
    [
      5,
      0.6666666666666666,
      0.40115384615384614
    ],
    [
      6,
      0.6666666666666666,
      0.4051709401709402
    ],
    [
      7,
      0.6923076923076923,
      0.4104273504273504
    ],
    [
      8,
      0.7051282051282052,
      0.4161965811965812
    ],
    [
      9,
      0.7051282051282052,
      0.42252136752136754
    ],
    [
      10,
      0.7051282051282052,
      0.42722222222222217
    ],
    [
      11,
      0.7051282051282052,
      0.4333760683760684
    ],
    [
      12,
      0.7051282051282052,
      0.4387179487179487
    ],
    [
      13,
      0.7051282051282052,
      0.44196581196581197
    ],
    [
      14,
      0.7051282051282052,
      0.44461538461538463
    ],
    [
      15,
      0.717948717948718,
      0.46547008547008545
    ],
    [
      16,
      0.717948717948718,
      0.4680769230769231
    ],
    [
      17,
      0.7307692307692307,
      0.47235042735042737
    ],
    [
      18,
      0.7307692307692307,
      0.4756410256410256
    ],
    [
      19,
      0.7307692307692307,
      0.47837606837606844
    ],
    [
      20,
      0.7307692307692307,
      0.48175213675213674
    ],
    [
      21,
      0.7307692307692307,
      0.4830769230769231
    ],
    [
      22,
      0.7307692307692307,
      0.4847863247863248
    ],
    [
      23,
      0.7307692307692307,
      0.4868803418803419
    ],
    [
      24,
      0.7435897435897436,
      0.48880341880341877
    ],
    [
      25,
      0.7435897435897436,
      0.4911538461538461
    ],
    [
      26,
      0.7435897435897436,
      0.49376068376068377
    ],
    [
      27,
      0.7435897435897436,
      0.4959401709401709
    ],
    [
      28,
      0.7435897435897436,
      0.49790598290598287
    ],
    [
      29,
      0.7435897435897436,
      0.4990598290598291
    ],
    [
      30,
      0.7435897435897436,
      0.5008119658119659
    ],
    [
      31,
      0.7435897435897436,
      0.5021367521367521
    ],
    [
      32,
      0.7435897435897436,
      0.5035042735042735
    ],
    [
      33,
      0.7435897435897436,
      0.5047008547008547
    ],
    [
      34,
      0.7435897435897436,
      0.5061965811965812
    ],
    [
      35,
      0.7435897435897436,
      0.5081623931623932
    ],
    [
      36,
      0.7435897435897436,
      0.5104273504273504
    ],
    [
      37,
      0.7435897435897436,
      0.5121367521367521
    ],
    [
      38,
      0.7564102564102564,
      0.5144444444444445
    ],
    [
      39,
      0.7564102564102564,
      0.515982905982906
    ],
    [
      40,
      0.7564102564102564,
      0.5179059829059829
    ],
    [
      41,
      0.7564102564102564,
      0.5191025641025641
    ],
    [
      42,
      0.7564102564102564,
      0.5198717948717948
    ],
    [
      43,
      0.7564102564102564,
      0.5212393162393162
    ],
    [
      44,
      0.7564102564102564,
      0.5214529914529914
    ],
    [
      45,
      0.7692307692307693,
      0.5235897435897435
    ],
    [
      46,
      0.7692307692307693,
      0.52508547008547
    ],
    [
      47,
      0.8205128205128205,
      0.5264529914529914
    ],
    [
      48,
      0.8205128205128205,
      0.5273931623931625
    ],
    [
      49,
      0.8205128205128205,
      0.5288461538461539
    ],
    [
      50,
      0.8205128205128205,
      0.5274358974358975
    ],
    [
      51,
      0.8205128205128205,
      0.528931623931624
    ],
    [
      52,
      0.8205128205128205,
      0.5308974358974359
    ],
    [
      53,
      0.8205128205128205,
      0.533974358974359
    ],
    [
      54,
      0.8205128205128205,
      0.5362393162393162
    ],
    [
      55,
      0.8205128205128205,
      0.5374358974358974
    ],
    [
      56,
      0.8205128205128205,
      0.5391452991452992
    ],
    [
      57,
      0.8205128205128205,
      0.5404273504273505
    ],
    [
      58,
      0.8205128205128205,
      0.5411538461538461
    ],
    [
      59,
      0.8589743589743589,
      0.5422649572649573
    ],
    [
      60,
      0.8589743589743589,
      0.5430769230769231
    ],
    [
      61,
      0.8589743589743589,
      0.5438888888888889
    ],
    [
      62,
      0.8589743589743589,
      0.5452564102564103
    ],
    [
      63,
      0.8589743589743589,
      0.5468803418803418
    ],
    [
      64,
      0.8589743589743589,
      0.5481196581196581
    ],
    [
      65,
      0.8589743589743589,
      0.548974358974359
    ],
    [
      66,
      0.8589743589743589,
      0.5464529914529914
    ],
    [
      67,
      0.8589743589743589,
      0.5475213675213675
    ],
    [
      68,
      0.8589743589743589,
      0.5483333333333333
    ],
    [
      69,
      0.8589743589743589,
      0.548931623931624
    ],
    [
      70,
      0.8589743589743589,
      0.5504700854700855
    ],
    [
      71,
      0.8589743589743589,
      0.551965811965812
    ],
    [
      72,
      0.8589743589743589,
      0.5523076923076923
    ],
    [
      73,
      0.8589743589743589,
      0.5534188034188035
    ],
    [
      74,
      0.8589743589743589,
      0.5548717948717948
    ],
    [
      75,
      0.8589743589743589,
      0.5553418803418804
    ],
    [
      76,
      0.8589743589743589,
      0.5502136752136753
    ],
    [
      77,
      0.8589743589743589,
      0.5516666666666666
    ],
    [
      78,
      0.8589743589743589,
      0.552991452991453
    ],
    [
      79,
      0.8589743589743589,
      0.553974358974359
    ],
    [
      80,
      0.8589743589743589,
      0.5544017094017094
    ],
    [
      81,
      0.8589743589743589,
      0.5558119658119658
    ],
    [
      82,
      0.8589743589743589,
      0.5561965811965812
    ],
    [
      83,
      0.8589743589743589,
      0.5570512820512821
    ],
    [
      84,
      0.8589743589743589,
      0.5585042735042735
    ],
    [
      85,
      0.8589743589743589,
      0.5587179487179487
    ],
    [
      86,
      0.8589743589743589,
      0.5613247863247863
    ],
    [
      87,
      0.8589743589743589,
      0.5623076923076923
    ],
    [
      88,
      0.8589743589743589,
      0.5643162393162393
    ],
    [
      89,
      0.8589743589743589,
      0.5668376068376069
    ],
    [
      90,
      0.8589743589743589,
      0.5686752136752137
    ],
    [
      91,
      0.8589743589743589,
      0.5711538461538461
    ],
    [
      92,
      0.8589743589743589,
      0.5726923076923077
    ],
    [
      93,
      0.8589743589743589,
      0.5737179487179487
    ],
    [
      94,
      0.8589743589743589,
      0.5748290598290599
    ],
    [
      95,
      0.8589743589743589,
      0.5764102564102564
    ],
    [
      96,
      0.8589743589743589,
      0.5708974358974359
    ],
    [
      97,
      0.8589743589743589,
      0.5726495726495726
    ],
    [
      98,
      0.8589743589743589,
      0.5747008547008547
    ],
    [
      99,
      0.8589743589743589,
      0.5754273504273505
    ]
  ]
}