{"final_runtime_minutes":3.7770478169123334,"success":0,"generation":149,"_timestamp":1.7603710149987254e+09,"diversity":0.579591547480995,"_wandb":{"runtime":226},"best_fitness":0.7692307692307693,"_step":149,"final_best_fitness":0.8589743589743589,"termination_reason":"max_generations","final_valid_solutions":0,"early_terminated":false,"_runtime":226}