{"_wandb":{"runtime":809},"termination_reason":"max_generations","diversity":0.26951182002687074,"_runtime":809,"final_best_fitness":0.8205128205128205,"early_terminated":false,"generation":149,"final_runtime_minutes":13.49264540274938,"success":0,"best_fitness":0.8205128205128205,"_timestamp":1.7603736520992084e+09,"_step":149,"final_valid_solutions":0}