{"final_valid_solutions":347,"termination_reason":"max_generations","_runtime":3927,"final_runtime_minutes":65.46478386720021,"_wandb":{"runtime":3927},"_step":199,"success":1,"early_terminated":false,"diversity":0.22148584348183534,"generation":199,"final_best_fitness":1,"_timestamp":1.7603826121537015e+09,"best_fitness":0.9743589743589743}