{"early_terminated":false,"termination_reason":"max_generations","best_fitness":0.9692307692307692,"_wandb":{"runtime":216},"_step":59,"diversity":0.09322355366576542,"generation":59,"final_valid_solutions":1766,"_timestamp":1.7603587345389745e+09,"final_runtime_minutes":3.6144962112108865,"final_best_fitness":0.9692307692307692,"success":1,"_runtime":216}