{"max_fitness_achieved":0.9487179487179487,"_step":0,"_timestamp":1.760367563329548e+09,"_wandb":{"runtime":0},"success_rate":1,"experiment_name":"odin_pop_300_gen_100_mut_020","total_runtime_minutes":4.341586776574453,"_runtime":0,"avg_best_fitness":0.9487179487179487,"device":"odin","problems_solved":1}