{"_wandb":{"runtime":514},"_runtime":514.46038526,"best_fitness":0,"diversity":0.23354109999538866,"generation":24,"_timestamp":1.7603530612993183e+09,"_step":24}