{
  "problem_id": "1.1",
  "best_fitness": 0.7307692307692307,
  "generation_found": 8,
  "avg_fitness_final": 0.4032307692307692,
  "avg_diversity_final": 0.3238927738927773,
  "total_time": 18.59112787246704,
  "top_sequences": [],
  "fitness_history": [
    [
      0,
      0.5897435897435898,
      0.3721794871794872
    ],
    [
      1,
      0.5897435897435898,
      0.3653846153846154
    ],
    [
      2,
      0.6666666666666666,
      0.3761538461538461
    ],
    [
      3,
      0.6666666666666666,
      0.3987179487179487
    ],
    [
      4,
      0.6666666666666666,
      0.40397435897435896
    ],
    [
      5,
      0.6923076923076923,
      0.39884615384615385
    ],
    [
      6,
      0.6923076923076923,
      0.40692307692307694
    ],
    [
      7,
      0.6923076923076923,
      0.39166666666666666
    ],
    [
      8,
      0.7307692307692307,
      0.4135897435897436
    ],
    [
      9,
      0.7307692307692307,
      0.39884615384615385
    ],
    [
      10,
      0.7307692307692307,
      0.40294871794871795
    ],
    [
      11,
      0.7307692307692307,
      0.4074358974358974
    ],
    [
      12,
      0.7307692307692307,
      0.40115384615384614
    ],
    [
      13,
      0.7307692307692307,
      0.418974358974359
    ],
    [
      14,
      0.7307692307692307,
      0.39820512820512816
    ],
    [
      15,
      0.7307692307692307,
      0.39820512820512816
    ],
    [
      16,
      0.7307692307692307,
      0.3987179487179487
    ],
    [
      17,
      0.7307692307692307,
      0.4124358974358974
    ],
    [
      18,
      0.7307692307692307,
      0.4084615384615385
    ],
    [
      19,
      0.7307692307692307,
      0.3857692307692308
    ]
  ]
}