{"success_rate":1,"total_runtime_minutes":5.69806272983551,"device":"odin","_runtime":0,"problems_solved":1,"_wandb":{"runtime":0},"_step":0,"avg_best_fitness":0.9743589743589743,"_timestamp":1.7603584360173256e+09,"experiment_name":"odin_pop_300_gen_100_mut_020","max_fitness_achieved":0.9743589743589743}