{"_runtime":2146,"final_runtime_minutes":35.773544891675314,"early_terminated":false,"final_valid_solutions":3570,"diversity":0.06180257440017364,"generation":119,"_step":119,"_wandb":{"runtime":2146},"termination_reason":"max_generations","best_fitness":0.9282051282051282,"_timestamp":1.7603539264131644e+09,"success":1,"final_best_fitness":0.9282051282051282}