{"diversity":0.2384380618689782,"generation":4,"_timestamp":1.760351133833599e+09,"_step":4,"_wandb":{"runtime":42},"_runtime":42.667585304,"best_fitness":0}