{"_timestamp":1.7603717073906705e+09,"_step":112,"_wandb":{"runtime":283},"_runtime":283.556830524,"best_fitness":0.6538461538461539,"diversity":0.7007958151101957,"generation":112}