{"diversity":0.24044623771392762,"generation":33,"_timestamp":1.7603505571330562e+09,"_step":33,"_wandb":{"runtime":277},"_runtime":277.390096339,"best_fitness":0}