{"_runtime":1923,"_wandb":{"runtime":1923},"early_terminated":false,"diversity":0.07463574281665493,"final_valid_solutions":0,"best_fitness":0.8871794871794871,"generation":119,"_timestamp":1.7603566121678677e+09,"_step":119,"final_best_fitness":0.8871794871794871,"success":0,"termination_reason":"max_generations","final_runtime_minutes":32.0560680270195}