{
  "problem_id": "2.2",
  "best_fitness": 0.7477064220183486,
  "generation_found": 78,
  "avg_fitness_final": 0.5271880733944954,
  "avg_diversity_final": 0.7231090382825529,
  "total_time": 1010.6573915481567,
  "top_sequences": [],
  "fitness_history": [
    [
      0,
      0.5458715596330275,
      0.3442354740061162
    ],
    [
      1,
      0.6055045871559633,
      0.35510703363914375
    ],
    [
      2,
      0.6055045871559633,
      0.36232415902140674
    ],
    [
      3,
      0.6055045871559633,
      0.37116207951070335
    ],
    [
      4,
      0.6055045871559633,
      0.3764525993883792
    ],
    [
      5,
      0.6055045871559633,
      0.3817431192660551
    ],
    [
      6,
      0.6055045871559633,
      0.38770642201834865
    ],
    [
      7,
      0.6055045871559633,
      0.3905045871559633
    ],
    [
      8,
      0.6055045871559633,
      0.3964678899082569
    ],
    [
      9,
      0.6192660550458715,
      0.4004587155963303
    ],
    [
      10,
      0.6192660550458715,
      0.40452599388379207
    ],
    [
      11,
      0.6192660550458715,
      0.40795107033639144
    ],
    [
      12,
      0.6192660550458715,
      0.4114678899082569
    ],
    [
      13,
      0.6192660550458715,
      0.4153516819571865
    ],
    [
      14,
      0.6192660550458715,
      0.4190672782874618
    ],
    [
      15,
      0.6192660550458715,
      0.4342048929663609
    ],
    [
      16,
      0.6192660550458715,
      0.43629969418960246
    ],
    [
      17,
      0.6192660550458715,
      0.439388379204893
    ],
    [
      18,
      0.6192660550458715,
      0.441559633027523
    ],
    [
      19,
      0.6192660550458715,
      0.4435015290519878
    ],
    [
      20,
      0.6192660550458715,
      0.4450305810397554
    ],
    [
      21,
      0.6192660550458715,
      0.4467737003058104
    ],
    [
      22,
      0.6192660550458715,
      0.4485168195718654
    ],
    [
      23,
      0.6192660550458715,
      0.4503058103975535
    ],
    [
      24,
      0.6192660550458715,
      0.45157492354740064
    ],
    [
      25,
      0.6192660550458715,
      0.4529663608562691
    ],
    [
      26,
      0.6192660550458715,
      0.4549847094801224
    ],
    [
      27,
      0.6192660550458715,
      0.4574770642201835
    ],
    [
      28,
      0.6192660550458715,
      0.4592813455657493
    ],
    [
      29,
      0.6192660550458715,
      0.4616360856269113
    ],
    [
      30,
      0.6192660550458715,
      0.4630275229357798
    ],
    [
      31,
      0.6192660550458715,
      0.46374617737003054
    ],
    [
      32,
      0.6192660550458715,
      0.465
    ],
    [
      33,
      0.7201834862385321,
      0.4661773700305811
    ],
    [
      34,
      0.7201834862385321,
      0.4670795107033639
    ],
    [
      35,
      0.7201834862385321,
      0.46963302752293584
    ],
    [
      36,
      0.7201834862385321,
      0.4709633027522936
    ],
    [
      37,
      0.7385321100917431,
      0.47195718654434254
    ],
    [
      38,
      0.7385321100917431,
      0.47270642201834867
    ],
    [
      39,
      0.7385321100917431,
      0.4739449541284404
    ],
    [
      40,
      0.7385321100917431,
      0.47539755351681956
    ],
    [
      41,
      0.7385321100917431,
      0.4766360856269113
    ],
    [
      42,
      0.7385321100917431,
      0.47949541284403663
    ],
    [
      43,
      0.7385321100917431,
      0.4803516819571865
    ],
    [
      44,
      0.7385321100917431,
      0.4817278287461773
    ],
    [
      45,
      0.7385321100917431,
      0.48333333333333334
    ],
    [
      46,
      0.7385321100917431,
      0.48539755351681957
    ],
    [
      47,
      0.7385321100917431,
      0.4869724770642202
    ],
    [
      48,
      0.7385321100917431,
      0.4878746177370031
    ],
    [
      49,
      0.7385321100917431,
      0.4897400611620795
    ],
    [
      50,
      0.7385321100917431,
      0.4879204892966361
    ],
    [
      51,
      0.7385321100917431,
      0.48897553516819575
    ],
    [
      52,
      0.7385321100917431,
      0.4901223241590214
    ],
    [
      53,
      0.7385321100917431,
      0.4912691131498471
    ],
    [
      54,
      0.7385321100917431,
      0.4920642201834862
    ],
    [
      55,
      0.7385321100917431,
      0.4929816513761468
    ],
    [
      56,
      0.7385321100917431,
      0.4938379204892966
    ],
    [
      57,
      0.7385321100917431,
      0.49509174311926607
    ],
    [
      58,
      0.7385321100917431,
      0.49596330275229356
    ],
    [
      59,
      0.7385321100917431,
      0.49853211009174314
    ],
    [
      60,
      0.7385321100917431,
      0.4957186544342507
    ],
    [
      61,
      0.7385321100917431,
      0.49741590214067277
    ],
    [
      62,
      0.7385321100917431,
      0.49885321100917435
    ],
    [
      63,
      0.7385321100917431,
      0.49998470948012236
    ],
    [
      64,
      0.7385321100917431,
      0.5013455657492355
    ],
    [
      65,
      0.7385321100917431,
      0.503532110091743
    ],
    [
      66,
      0.7385321100917431,
      0.5048929663608563
    ],
    [
      67,
      0.7385321100917431,
      0.5053822629969419
    ],
    [
      68,
      0.7385321100917431,
      0.5062996941896025
    ],
    [
      69,
      0.7385321100917431,
      0.5078134556574924
    ],
    [
      70,
      0.7385321100917431,
      0.5046483180428134
    ],
    [
      71,
      0.7385321100917431,
      0.5062538226299694
    ],
    [
      72,
      0.7385321100917431,
      0.5072324159021406
    ],
    [
      73,
      0.7385321100917431,
      0.5085626911314984
    ],
    [
      74,
      0.7385321100917431,
      0.51
    ],
    [
      75,
      0.7385321100917431,
      0.510565749235474
    ],
    [
      76,
      0.7385321100917431,
      0.5120795107033639
    ],
    [
      77,
      0.7385321100917431,
      0.5136544342507645
    ],
    [
      78,
      0.7477064220183486,
      0.5148012232415902
    ],
    [
      79,
      0.7477064220183486,
      0.5168960244648317
    ],
    [
      80,
      0.7477064220183486,
      0.5188379204892966
    ],
    [
      81,
      0.7477064220183486,
      0.5194189602446483
    ],
    [
      82,
      0.7477064220183486,
      0.5199235474006116
    ],
    [
      83,
      0.7477064220183486,
      0.5207798165137615
    ],
    [
      84,
      0.7477064220183486,
      0.5215749235474006
    ],
    [
      85,
      0.7477064220183486,
      0.5229357798165137
    ],
    [
      86,
      0.7477064220183486,
      0.5242507645259938
    ],
    [
      87,
      0.7477064220183486,
      0.5253516819571865
    ],
    [
      88,
      0.7477064220183486,
      0.5261162079510703
    ],
    [
      89,
      0.7477064220183486,
      0.5197247706422019
    ],
    [
      90,
      0.7477064220183486,
      0.5214678899082569
    ],
    [
      91,
      0.7477064220183486,
      0.5224006116207951
    ],
    [
      92,
      0.7477064220183486,
      0.5241437308868501
    ],
    [
      93,
      0.7477064220183486,
      0.5262538226299694
    ],
    [
      94,
      0.7477064220183486,
      0.5275993883792048
    ],
    [
      95,
      0.7477064220183486,
      0.5283333333333333
    ],
    [
      96,
      0.7477064220183486,
      0.5295107033639144
    ],
    [
      97,
      0.7477064220183486,
      0.5305045871559634
    ],
    [
      98,
      0.7477064220183486,
      0.5313761467889908
    ],
    [
      99,
      0.7477064220183486,
      0.5302905198776758
    ]
  ]
}