{
  "problem_id": "1.1",
  "best_fitness": 0.8205128205128205,
  "generation_found": 72,
  "avg_fitness_final": 0.4085512820512821,
  "avg_diversity_final": 0.3272753172753212,
  "total_time": 99.84982872009277,
  "top_sequences": [],
  "top_sequences_with_fitness": [],
  "fitness_history": [
    [
      0,
      0.5641025641025641,
      0.3648717948717949
    ],
    [
      1,
      0.717948717948718,
      0.3946153846153846
    ],
    [
      2,
      0.717948717948718,
      0.4012820512820513
    ],
    [
      3,
      0.717948717948718,
      0.3996153846153846
    ],
    [
      4,
      0.717948717948718,
      0.39166666666666666
    ],
    [
      5,
      0.717948717948718,
      0.40243589743589747
    ],
    [
      6,
      0.717948717948718,
      0.3894871794871795
    ],
    [
      7,
      0.717948717948718,
      0.3943589743589744
    ],
    [
      8,
      0.717948717948718,
      0.38884615384615384
    ],
    [
      9,
      0.717948717948718,
      0.4135897435897436
    ],
    [
      10,
      0.717948717948718,
      0.4115384615384615
    ],
    [
      11,
      0.717948717948718,
      0.3942307692307692
    ],
    [
      12,
      0.717948717948718,
      0.40243589743589747
    ],
    [
      13,
      0.717948717948718,
      0.391025641025641
    ],
    [
      14,
      0.717948717948718,
      0.4012820512820513
    ],
    [
      15,
      0.717948717948718,
      0.39205128205128204
    ],
    [
      16,
      0.717948717948718,
      0.395
    ],
    [
      17,
      0.717948717948718,
      0.3798717948717949
    ],
    [
      18,
      0.717948717948718,
      0.39807692307692305
    ],
    [
      19,
      0.717948717948718,
      0.4012820512820513
    ],
    [
      20,
      0.717948717948718,
      0.40205128205128204
    ],
    [
      21,
      0.717948717948718,
      0.39884615384615385
    ],
    [
      22,
      0.717948717948718,
      0.3953846153846154
    ],
    [
      23,
      0.717948717948718,
      0.39692307692307693
    ],
    [
      24,
      0.717948717948718,
      0.39897435897435896
    ],
    [
      25,
      0.717948717948718,
      0.4143589743589744
    ],
    [
      26,
      0.717948717948718,
      0.3998717948717949
    ],
    [
      27,
      0.717948717948718,
      0.39615384615384613
    ],
    [
      28,
      0.717948717948718,
      0.3858974358974359
    ],
    [
      29,
      0.717948717948718,
      0.4096153846153846
    ],
    [
      30,
      0.717948717948718,
      0.3797435897435897
    ],
    [
      31,
      0.717948717948718,
      0.4074358974358974
    ],
    [
      32,
      0.717948717948718,
      0.3955128205128205
    ],
    [
      33,
      0.717948717948718,
      0.4103846153846154
    ],
    [
      34,
      0.717948717948718,
      0.4056410256410256
    ],
    [
      35,
      0.717948717948718,
      0.4044871794871795
    ],
    [
      36,
      0.717948717948718,
      0.3983333333333334
    ],
    [
      37,
      0.717948717948718,
      0.4012820512820513
    ],
    [
      38,
      0.717948717948718,
      0.39743589743589747
    ],
    [
      39,
      0.717948717948718,
      0.41333333333333333
    ],
    [
      40,
      0.717948717948718,
      0.3912820512820513
    ],
    [
      41,
      0.717948717948718,
      0.4085897435897436
    ],
    [
      42,
      0.717948717948718,
      0.40692307692307694
    ],
    [
      43,
      0.717948717948718,
      0.4106410256410256
    ],
    [
      44,
      0.717948717948718,
      0.4055128205128205
    ],
    [
      45,
      0.717948717948718,
      0.40884615384615386
    ],
    [
      46,
      0.717948717948718,
      0.3962820512820513
    ],
    [
      47,
      0.717948717948718,
      0.3926923076923077
    ],
    [
      48,
      0.717948717948718,
      0.4062820512820513
    ],
    [
      49,
      0.717948717948718,
      0.41115384615384615
    ],
    [
      50,
      0.717948717948718,
      0.40397435897435896
    ],
    [
      51,
      0.717948717948718,
      0.38564102564102565
    ],
    [
      52,
      0.717948717948718,
      0.4053846153846154
    ],
    [
      53,
      0.717948717948718,
      0.40782051282051285
    ],
    [
      54,
      0.717948717948718,
      0.42153846153846153
    ],
    [
      55,
      0.717948717948718,
      0.42115384615384616
    ],
    [
      56,
      0.717948717948718,
      0.39705128205128204
    ],
    [
      57,
      0.717948717948718,
      0.40423076923076917
    ],
    [
      58,
      0.717948717948718,
      0.40589743589743593
    ],
    [
      59,
      0.717948717948718,
      0.39666666666666667
    ],
    [
      60,
      0.717948717948718,
      0.40307692307692305
    ],
    [
      61,
      0.717948717948718,
      0.4076923076923077
    ],
    [
      62,
      0.717948717948718,
      0.4106410256410256
    ],
    [
      63,
      0.717948717948718,
      0.4238461538461539
    ],
    [
      64,
      0.717948717948718,
      0.4056410256410256
    ],
    [
      65,
      0.717948717948718,
      0.41179487179487184
    ],
    [
      66,
      0.717948717948718,
      0.4023076923076923
    ],
    [
      67,
      0.717948717948718,
      0.3901282051282051
    ],
    [
      68,
      0.717948717948718,
      0.39525641025641023
    ],
    [
      69,
      0.717948717948718,
      0.41833333333333333
    ],
    [
      70,
      0.717948717948718,
      0.40602564102564104
    ],
    [
      71,
      0.717948717948718,
      0.3976923076923077
    ],
    [
      72,
      0.8205128205128205,
      0.42217948717948717
    ],
    [
      73,
      0.8205128205128205,
      0.40294871794871795
    ],
    [
      74,
      0.8205128205128205,
      0.40307692307692305
    ],
    [
      75,
      0.8205128205128205,
      0.41089743589743594
    ],
    [
      76,
      0.8205128205128205,
      0.4092307692307692
    ],
    [
      77,
      0.8205128205128205,
      0.4073076923076923
    ],
    [
      78,
      0.8205128205128205,
      0.40410256410256407
    ],
    [
      79,
      0.8205128205128205,
      0.40794871794871795
    ],
    [
      80,
      0.8205128205128205,
      0.40205128205128204
    ],
    [
      81,
      0.8205128205128205,
      0.4093589743589744
    ],
    [
      82,
      0.8205128205128205,
      0.41282051282051285
    ],
    [
      83,
      0.8205128205128205,
      0.4055128205128205
    ],
    [
      84,
      0.8205128205128205,
      0.40692307692307694
    ],
    [
      85,
      0.8205128205128205,
      0.40307692307692305
    ],
    [
      86,
      0.8205128205128205,
      0.4025641025641026
    ],
    [
      87,
      0.8205128205128205,
      0.3965384615384615
    ],
    [
      88,
      0.8205128205128205,
      0.4035897435897436
    ],
    [
      89,
      0.8205128205128205,
      0.40794871794871795
    ],
    [
      90,
      0.8205128205128205,
      0.4115384615384615
    ],
    [
      91,
      0.8205128205128205,
      0.41012820512820514
    ],
    [
      92,
      0.8205128205128205,
      0.4035897435897436
    ],
    [
      93,
      0.8205128205128205,
      0.39705128205128204
    ],
    [
      94,
      0.8205128205128205,
      0.41
    ],
    [
      95,
      0.8205128205128205,
      0.4123076923076923
    ],
    [
      96,
      0.8205128205128205,
      0.4137179487179487
    ],
    [
      97,
      0.8205128205128205,
      0.4073076923076923
    ],
    [
      98,
      0.8205128205128205,
      0.4103846153846154
    ],
    [
      99,
      0.8205128205128205,
      0.4094871794871795
    ]
  ]
}