{
  "problem_id": "1.1",
  "best_fitness": 0.6666666666666666,
  "generation_found": 12,
  "avg_fitness_final": 0.39926923076923077,
  "avg_diversity_final": 0.31818440818441157,
  "total_time": 18.494971990585327,
  "top_sequences": [],
  "fitness_history": [
    [
      0,
      0.5769230769230769,
      0.368974358974359
    ],
    [
      1,
      0.5769230769230769,
      0.391025641025641
    ],
    [
      2,
      0.5769230769230769,
      0.39743589743589747
    ],
    [
      3,
      0.5769230769230769,
      0.3771794871794871
    ],
    [
      4,
      0.6282051282051282,
      0.38743589743589746
    ],
    [
      5,
      0.6282051282051282,
      0.4006410256410256
    ],
    [
      6,
      0.6282051282051282,
      0.3798717948717949
    ],
    [
      7,
      0.6410256410256411,
      0.39782051282051284
    ],
    [
      8,
      0.6410256410256411,
      0.40102564102564103
    ],
    [
      9,
      0.6410256410256411,
      0.4005128205128205
    ],
    [
      10,
      0.6410256410256411,
      0.3796153846153846
    ],
    [
      11,
      0.6410256410256411,
      0.3965384615384615
    ],
    [
      12,
      0.6666666666666666,
      0.4062820512820513
    ],
    [
      13,
      0.6666666666666666,
      0.3885897435897436
    ],
    [
      14,
      0.6666666666666666,
      0.39910256410256406
    ],
    [
      15,
      0.6666666666666666,
      0.4062820512820513
    ],
    [
      16,
      0.6666666666666666,
      0.3952564102564103
    ],
    [
      17,
      0.6666666666666666,
      0.4152564102564103
    ],
    [
      18,
      0.6666666666666666,
      0.3985897435897436
    ],
    [
      19,
      0.6666666666666666,
      0.40717948717948715
    ]
  ]
}