{"runtime_seconds":42.17335891723633,"fitness/average":0.3964102564102564,"diversity/population":0.3286878372130684,"final_fitness":0.7564102564102564,"final_generation":1,"_runtime":42,"problems_completed":1,"fitness/best":0.7564102564102564,"_step":9,"_wandb":{"runtime":42},"_timestamp":1.7603366120997171e+09,"total_runtime_minutes":0.7061355749766032,"best_overall_fitness":0.7564102564102564,"generation":9}