{
  "problem_id": "1.1",
  "best_fitness": 0.8461538461538461,
  "generation_found": 7,
  "avg_fitness_final": 0.3935666666666667,
  "avg_diversity_final": 0.3279717383486667,
  "total_time": 43.59957003593445,
  "top_sequences": [],
  "fitness_history": [
    [
      0,
      0.6923076923076923,
      0.3611025641025641
    ],
    [
      1,
      0.717948717948718,
      0.3905897435897436
    ],
    [
      2,
      0.717948717948718,
      0.38971794871794874
    ],
    [
      3,
      0.717948717948718,
      0.3967948717948718
    ],
    [
      4,
      0.717948717948718,
      0.39961538461538465
    ],
    [
      5,
      0.7435897435897436,
      0.39905128205128204
    ],
    [
      6,
      0.7435897435897436,
      0.3955897435897436
    ],
    [
      7,
      0.8461538461538461,
      0.4053589743589744
    ],
    [
      8,
      0.8461538461538461,
      0.39461538461538465
    ],
    [
      9,
      0.8461538461538461,
      0.4032307692307692
    ]
  ]
}