{"_timestamp":1.7603786527316656e+09,"_step":91,"best_fitness":0.9102564102564102,"_wandb":{"runtime":1692},"_runtime":1692.216898233,"diversity":0.20170299573506192,"generation":91}