{"success":0,"generation":19,"_step":19,"_timestamp":1.7603461367818897e+09,"final_best_fitness":0.782051282051282,"_runtime":19,"best_fitness":0.782051282051282,"diversity":0.32677803677803996,"_wandb":{"runtime":19},"final_runtime_minutes":0.328360656897227,"final_valid_solutions":0}