{
  "problem_id": "1.2",
  "best_fitness": 0.9615384615384616,
  "generation_found": 23,
  "avg_fitness_final": 0.603374358974359,
  "avg_diversity_final": 0.38193688560355615,
  "total_time": 220.64066648483276,
  "top_sequences": [
    "UGGGAUAACCCAAUAUGGCCAUACUAAUUGGCCUCUCAUCUGUGCCCGACAAUAUAGUAUAAGUCGGACUUAUAUUUC",
    "UGGGAUAACCCAAUACGGCCAUACUAAUUGGCCUCUCAUCUGUGCCCGACAAUAUAGUAUAAGUCGGACUUAUAUUUC",
    "UGGGAUAACCCACCAUGGCCGUAAUAAUUGGCCCCAAGCCUGUGCCCGACACUAAACACUAAGUCGGCCUUAGUCAUC",
    "UGGGAUAACCCACCAUGGCCGUAAUAAUUGGCCCCAAGCCUGUGCCCGACAUUAAACACUAAGUCGGCCUUAGUCGUC",
    "UGGGAUAACCCACCAUGGCCGUAAUAAUUGGCCCCAAGCCCGUGCCCGACACUAAACACUAAGUCGGCCUUAGUCUUC"
  ],
  "fitness_history": [
    [
      0,
      0.6153846153846154,
      0.3539358974358975
    ],
    [
      1,
      0.6923076923076923,
      0.3721025641025641
    ],
    [
      2,
      0.6923076923076923,
      0.3851794871794872
    ],
    [
      3,
      0.7051282051282052,
      0.4042307692307692
    ],
    [
      4,
      0.7435897435897436,
      0.40973076923076923
    ],
    [
      5,
      0.7435897435897436,
      0.4198974358974359
    ],
    [
      6,
      0.782051282051282,
      0.433551282051282
    ],
    [
      7,
      0.8076923076923077,
      0.45126923076923076
    ],
    [
      8,
      0.8076923076923077,
      0.4570769230769231
    ],
    [
      9,
      0.7948717948717948,
      0.4619102564102564
    ],
    [
      10,
      0.7948717948717948,
      0.4669230769230769
    ],
    [
      11,
      0.8205128205128205,
      0.4853205128205128
    ],
    [
      12,
      0.8205128205128205,
      0.49102564102564106
    ],
    [
      13,
      0.8333333333333334,
      0.5066153846153847
    ],
    [
      14,
      0.8333333333333334,
      0.5183205128205128
    ],
    [
      15,
      0.8333333333333334,
      0.5358461538461539
    ],
    [
      16,
      0.8461538461538461,
      0.5257820512820512
    ],
    [
      17,
      0.8076923076923077,
      0.5412307692307693
    ],
    [
      18,
      0.8974358974358975,
      0.5511666666666666
    ],
    [
      19,
      0.8974358974358975,
      0.5607435897435897
    ],
    [
      20,
      0.8974358974358975,
      0.5768333333333334
    ],
    [
      21,
      0.9102564102564102,
      0.5814871794871794
    ],
    [
      22,
      0.9102564102564102,
      0.5937692307692307
    ],
    [
      23,
      0.9615384615384616,
      0.6043076923076922
    ],
    [
      24,
      0.9615384615384616,
      0.6182051282051282
    ],
    [
      25,
      0.9615384615384616,
      0.6397948717948718
    ],
    [
      26,
      0.9615384615384616,
      0.6546794871794872
    ],
    [
      27,
      0.9615384615384616,
      0.6527564102564103
    ]
  ]
}