{"final_1_1_generation_found":11,"_wandb":{"runtime":20},"final_1_1_valid_sequences":0,"experiment_problems_completed":1,"experiment_avg_best_fitness":0.6923076923076923,"experiment_total_runtime_minutes":0.34850462675094607,"experiment_best_overall_fitness":0.6923076923076923,"final_1_1_best_fitness":0.6923076923076923,"_runtime":20,"final_1_1_runtime_seconds":20.900827169418335}