{"problems_solved":1,"_timestamp":1.760373653141511e+09,"success_rate":0,"device":"odin","avg_best_fitness":0.8205128205128205,"_runtime":0,"total_runtime_minutes":13.514695596694946,"_wandb":{"runtime":0},"experiment_name":"odin_pop_300_gen_150_mut_020","_step":0,"max_fitness_achieved":0.8205128205128205}