{"device":"odin","experiment_name":"odin_pop_300_gen_100_mut_020","success_rate":1,"problems_solved":1,"max_fitness_achieved":0.9615384615384616,"_wandb":{"runtime":0},"avg_best_fitness":0.9615384615384616,"_runtime":0,"total_runtime_minutes":4.412820907433828,"_step":0,"_timestamp":1.7603663461180723e+09}