{
  "problem_id": "1.2",
  "best_fitness": 0.9743589743589743,
  "generation_found": 24,
  "avg_fitness_final": 0.6579589743589744,
  "avg_diversity_final": 0.370271887271893,
  "total_time": 216.47423386573792,
  "top_sequences": [
    "GGGGAAUGCCCCAUAUGCUCCUAUACCUGGAGCUGGAAUAUAUGGACGCUGCUUUCCACAUCGAGCGUACGAUGACAU",
    "GGGGAAUGCCCCAUAUGCUCCUAUACCUGGAGCUGGAAUAUAUGGACGCUGCUUUCCACAUCGAGCGUACGAUGACAU",
    "GGGGAAUGCCCCAUAUGUUCCUGUUGCUGGAGCUGCUGAAACUGGACGCUGAUUUUCACAACGAGCGUACGUUGCAUC",
    "GGGGAAUACCCCAUAAGCUCCUGCUCCUGGAGCCGGAAUAUAUGGACGCUGCUUUCCACAUCGAGCGUACGAUGACAU",
    "GGGGAAUACCCCAUAUGCUCCCGUAUUUGGAGCUGGAAUAUAUGGACGCUGCUUUCCACAUCGAGCGUACGAUGACAU"
  ],
  "fitness_history": [
    [
      0,
      0.6538461538461539,
      0.35602564102564105
    ],
    [
      1,
      0.6538461538461539,
      0.38108974358974357
    ],
    [
      2,
      0.6666666666666666,
      0.3992435897435897
    ],
    [
      3,
      0.7051282051282052,
      0.41305128205128205
    ],
    [
      4,
      0.6923076923076923,
      0.4199871794871795
    ],
    [
      5,
      0.7307692307692307,
      0.44120512820512825
    ],
    [
      6,
      0.7307692307692307,
      0.4441025641025641
    ],
    [
      7,
      0.7692307692307693,
      0.4642564102564103
    ],
    [
      8,
      0.7564102564102564,
      0.4743076923076923
    ],
    [
      9,
      0.7692307692307693,
      0.49138461538461536
    ],
    [
      10,
      0.7564102564102564,
      0.4995128205128205
    ],
    [
      11,
      0.7948717948717948,
      0.5264230769230769
    ],
    [
      12,
      0.8205128205128205,
      0.5431410256410256
    ],
    [
      13,
      0.8461538461538461,
      0.5658333333333334
    ],
    [
      14,
      0.8461538461538461,
      0.5809487179487179
    ],
    [
      15,
      0.8589743589743589,
      0.590525641025641
    ],
    [
      16,
      0.8846153846153846,
      0.5928205128205128
    ],
    [
      17,
      0.8974358974358975,
      0.600974358974359
    ],
    [
      18,
      0.8974358974358975,
      0.6141666666666666
    ],
    [
      19,
      0.9230769230769231,
      0.6291538461538462
    ],
    [
      20,
      0.9230769230769231,
      0.6293589743589744
    ],
    [
      21,
      0.9230769230769231,
      0.657
    ],
    [
      22,
      0.9230769230769231,
      0.6648717948717949
    ],
    [
      23,
      0.9230769230769231,
      0.6677051282051282
    ],
    [
      24,
      0.9743589743589743,
      0.6702179487179487
    ],
    [
      25,
      0.9743589743589743,
      0.6614487179487178
    ],
    [
      26,
      0.9743589743589743,
      0.6647179487179488
    ],
    [
      27,
      0.9743589743589743,
      0.6666538461538462
    ],
    [
      28,
      0.9743589743589743,
      0.6684615384615384
    ]
  ]
}