{
  "problem_id": "1.1",
  "best_fitness": 0.6923076923076923,
  "generation_found": 4,
  "avg_fitness_final": 0.3995641025641026,
  "avg_diversity_final": 0.32493654493654867,
  "total_time": 20.636915922164917,
  "top_sequences": [],
  "fitness_history": [
    [
      0,
      0.6153846153846154,
      0.365
    ],
    [
      1,
      0.6153846153846154,
      0.4007692307692308
    ],
    [
      2,
      0.6153846153846154,
      0.4037179487179487
    ],
    [
      3,
      0.6153846153846154,
      0.40115384615384614
    ],
    [
      4,
      0.6923076923076923,
      0.40115384615384614
    ],
    [
      5,
      0.6923076923076923,
      0.40243589743589747
    ],
    [
      6,
      0.6923076923076923,
      0.39615384615384613
    ],
    [
      7,
      0.6923076923076923,
      0.3953846153846154
    ],
    [
      8,
      0.6923076923076923,
      0.3934615384615385
    ],
    [
      9,
      0.6923076923076923,
      0.385
    ],
    [
      10,
      0.6923076923076923,
      0.40410256410256407
    ],
    [
      11,
      0.6923076923076923,
      0.3937179487179487
    ],
    [
      12,
      0.6923076923076923,
      0.4056410256410256
    ],
    [
      13,
      0.6923076923076923,
      0.40115384615384614
    ],
    [
      14,
      0.6923076923076923,
      0.40589743589743593
    ],
    [
      15,
      0.6923076923076923,
      0.40474358974358976
    ],
    [
      16,
      0.6923076923076923,
      0.3993589743589744
    ],
    [
      17,
      0.6923076923076923,
      0.3897435897435898
    ],
    [
      18,
      0.6923076923076923,
      0.38846153846153847
    ],
    [
      19,
      0.6923076923076923,
      0.40282051282051284
    ]
  ]
}