{"generation":69,"_timestamp":1.7603696049493072e+09,"_step":69,"best_fitness":0.8051282051282052,"diversity":0.4450620015436075,"_wandb":{"runtime":398},"_runtime":398.078906231}