{
  "problem_id": "1.1",
  "best_fitness": 0.7692307692307693,
  "generation_found": 4,
  "avg_fitness_final": 0.39205128205128204,
  "avg_diversity_final": 0.3278873644727126,
  "total_time": 42.94813060760498,
  "top_sequences": [],
  "fitness_history": [
    [
      0,
      0.6025641025641025,
      0.3637435897435897
    ],
    [
      1,
      0.7051282051282052,
      0.38964102564102565
    ],
    [
      2,
      0.7051282051282052,
      0.3914102564102564
    ],
    [
      3,
      0.7051282051282052,
      0.39064102564102565
    ],
    [
      4,
      0.7692307692307693,
      0.3955641025641025
    ],
    [
      5,
      0.7692307692307693,
      0.3954871794871795
    ],
    [
      6,
      0.7692307692307693,
      0.3993333333333333
    ],
    [
      7,
      0.7692307692307693,
      0.39543589743589747
    ],
    [
      8,
      0.7692307692307693,
      0.4000769230769231
    ],
    [
      9,
      0.7692307692307693,
      0.3991794871794872
    ]
  ]
}