{
  "problem_id": "1.1",
  "best_fitness": 1.0,
  "generation_found": 12,
  "avg_fitness_final": 0.5839730769230769,
  "avg_diversity_final": 0.21267285233951427,
  "total_time": 118.35429239273071,
  "top_sequences": [
    "GAACUAUAGUUCCGAUCCUCUAGCACCCGGAGGCCAAUUGUAUCCGACCCUAACCUCUCGCGUGGGUCAACGCGACCA",
    "GAACUAUAGUUCCGAUCCUCUAGCACCCAGAGGCCAAUUGUAUUCGACCCCAACCUCUCGCGUGGGUCAACGCGACCA",
    "GAACUUUCGUUCCGCUCCUCUAGCACCAAGAGGCCAAUUCGAUACGACCCUCCGCGCGCCCGUGGGUCAACGGGAACC",
    "GAAAUUUAUUUCCGCUCCUCUAGCACACGGAGGUCUAUUGUAUCCGACCCCAACCUCGCGCGUGGGUCAACGCGACCA",
    "GAACUUUCGUUCCGCUCCUCUAGCACCAAGAGGCCUAUGCUGUACGACCCUCCGCGCGCCCGUGGGUCAACGGGAACC"
  ],
  "fitness_history": [
    [
      0,
      0.717948717948718,
      0.36585897435897435
    ],
    [
      1,
      0.717948717948718,
      0.3989102564102564
    ],
    [
      2,
      0.8205128205128205,
      0.43203846153846154
    ],
    [
      3,
      0.7948717948717948,
      0.4669102564102564
    ],
    [
      4,
      0.8717948717948718,
      0.4874871794871795
    ],
    [
      5,
      0.8205128205128205,
      0.518576923076923
    ],
    [
      6,
      0.8461538461538461,
      0.5389487179487179
    ],
    [
      7,
      0.8717948717948718,
      0.5520128205128205
    ],
    [
      8,
      0.9230769230769231,
      0.5767179487179487
    ],
    [
      9,
      0.9743589743589743,
      0.5997435897435898
    ],
    [
      10,
      0.9743589743589743,
      0.6166794871794872
    ],
    [
      11,
      0.9743589743589743,
      0.6309615384615385
    ],
    [
      12,
      1.0,
      0.6503846153846153
    ],
    [
      13,
      1.0,
      0.6682179487179487
    ]
  ]
}